era,release_date,set_name,set_code,card_number,edition,variant,language,japanese_name,english_name,category,artwork_reason,artwork_evidence_urls,stamps_reason,stamps_evidence_urls,canonical_image_url,card_uid
base,1996-10-15,Unnumbered Promotional cards (Old Series),OLD-UPC,旧裏,unknown,UNKNOWN,jp,フリーザー,Articuno,artwork,These nine exact 1999 Pokémon Snap contest prizes use winning player photographs with no official English-language physical release.,https://snkrdunk.com/apparels/470961 | https://bulbapedia.bulbagarden.net/wiki/Pok%C3%A9mon_Snap_Best_Photo_Contest,,,https://pub-edb881114340454d8aae56176adec4f2.r2.dev/pokemon/artofpkm/429ea4c2-1708-4301-bb04-7d128d5ae966.jpg,429ea4c2-1708-4301-bb04-7d128d5ae966
base,1996-10-15,Unnumbered Promotional cards (Old Series),OLD-UPC,旧裏,unknown,UNKNOWN,jp,キレイハナ,Bellossom,artwork,These exact Japanese distribution promos use card artwork whose individual histories establish no official English-language physical release.,https://bulbapedia.bulbagarden.net/wiki/Bellossom_%28Information_Pack_promo%29 | https://snkrdunk.com/apparels/470993,,,https://pub-edb881114340454d8aae56176adec4f2.r2.dev/pokemon/artofpkm/6fcae01a-ec87-4766-957a-1c76cb5249ea.jpg,6fcae01a-ec87-4766-957a-1c76cb5249ea
base,1996-10-15,Unnumbered Promotional cards (Old Series),OLD-UPC,旧裏,unknown,UNKNOWN,jp,フシギダネ,Bulbasaur,artwork,These nine exact 1999 Pokémon Snap contest prizes use winning player photographs with no official English-language physical release.,https://snkrdunk.com/apparels/93363 | https://bulbapedia.bulbagarden.net/wiki/Pok%C3%A9mon_Snap_Best_Photo_Contest,,,https://pub-edb881114340454d8aae56176adec4f2.r2.dev/pokemon/617217.jpg,c67662ae-cc08-4241-9ed9-c99a317dd72e
base,1996-10-15,Unnumbered Promotional cards (Old Series),OLD-UPC,旧裏,unknown,UNKNOWN,jp,ラッキー,Chansey,artwork,These nine exact 1999 Pokémon Snap contest prizes use winning player photographs with no official English-language physical release.,https://snkrdunk.com/apparels/470960 | https://bulbapedia.bulbagarden.net/wiki/Pok%C3%A9mon_Snap_Best_Photo_Contest,,,https://pub-edb881114340454d8aae56176adec4f2.r2.dev/pokemon/artofpkm/312f0965-af9d-40be-95b9-32113114b750.jpg,312f0965-af9d-40be-95b9-32113114b750
base,1996-10-15,Unnumbered Promotional cards (Old Series),OLD-UPC,旧裏,unknown,UNKNOWN,jp,ヒトカゲ,Charmander,artwork,These nine exact 1999 Pokémon Snap contest prizes use winning player photographs with no official English-language physical release.,https://snkrdunk.com/apparels/470962 | https://bulbapedia.bulbagarden.net/wiki/Pok%C3%A9mon_Snap_Best_Photo_Contest,,,https://pub-edb881114340454d8aae56176adec4f2.r2.dev/pokemon/artofpkm/78d08448-bf85-4952-a9ec-5ce9eddc776e.jpg,78d08448-bf85-4952-a9ec-5ce9eddc776e
base,1996-10-15,Unnumbered Promotional cards (Old Series),OLD-UPC,旧裏,unknown,UNKNOWN,jp,カラカラ,Cubone,artwork,These exact Japanese distribution promos use card artwork whose individual histories establish no official English-language physical release.,https://bulbapedia.bulbagarden.net/wiki/Cubone_%28CoroCoro_promo%29 | https://snkrdunk.com/apparels/467424,,,https://pub-edb881114340454d8aae56176adec4f2.r2.dev/pokemon/617222.jpg,14c4436e-8e0d-4ecb-817e-818c5bd1902d
base,1996-10-15,Unnumbered Promotional cards (Old Series),OLD-UPC,旧裏,unknown,UNKNOWN,jp,わるいオニドリル,Dark Fearow,artwork,These exact Game Boy and GB2 promotional printings use artwork released only with their Japanese games or guidebooks.,https://bulbapedia.bulbagarden.net/wiki/Dark_Fearow_%28Pok%C3%A9mon_Card_GB2_promo%29 | https://snkrdunk.com/apparels/92100,,,https://psusriuihkriqvzbzmmc.supabase.co/storage/v1/object/public/card-images/pokemon/0acf21c6-ed66-49c8-90c5-45a6bf739856/user_1784423927282.webp,0acf21c6-ed66-49c8-90c5-45a6bf739856
base,1996-10-15,Unnumbered Promotional cards (Old Series),OLD-UPC,旧裏,unknown,UNKNOWN,jp,ディグダ,Diglett,artwork,These exact Japanese distribution promos use card artwork whose individual histories establish no official English-language physical release.,https://bulbapedia.bulbagarden.net/wiki/Diglett_%28Asobikata_promo%29 | https://snkrdunk.com/apparels/467844,,,https://pub-edb881114340454d8aae56176adec4f2.r2.dev/pokemon/artofpkm/9d762e6b-a2d0-4f79-b052-4c8c7fc210cc.jpg,9d762e6b-a2d0-4f79-b052-4c8c7fc210cc
base,1996-10-15,Unnumbered Promotional cards (Old Series),OLD-UPC,旧裏,unknown,UNKNOWN,jp,カイリュー,Dragonite (Pokemon TCG Game Boy Game),artwork,These exact Game Boy and GB2 promotional printings use artwork released only with their Japanese games or guidebooks.,https://bulbapedia.bulbagarden.net/wiki/Dragonite_%28Pok%C3%A9mon_Card_GB_promo%29 | https://snkrdunk.com/apparels/92134,,,https://pub-edb881114340454d8aae56176adec4f2.r2.dev/pokemon/617417.jpg,b2ea1f35-96a3-41b4-ace1-f31ac4761069
base,1996-10-15,Unnumbered Promotional cards (Old Series),OLD-UPC,旧裏,unknown,UNKNOWN,jp,GR団のミュウツー,Great Rocket's Mewtwo,artwork,These exact Game Boy and GB2 promotional printings use artwork released only with their Japanese games or guidebooks.,https://bulbapedia.bulbagarden.net/wiki/Team_GR%27s_Mewtwo_%28Pok%C3%A9mon_Card_GB2_promo%29 | https://snkrdunk.com/apparels/92096,,,https://pub-edb881114340454d8aae56176adec4f2.r2.dev/pokemon/artofpkm/bc66d172-434a-47f5-b054-a277a80249fb.jpg,bc66d172-434a-47f5-b054-a277a80249fb
base,1996-10-15,Unnumbered Promotional cards (Old Series),OLD-UPC,旧裏,unknown,UNKNOWN,jp,ギャラドス,Gyarados,artwork,These nine exact 1999 Pokémon Snap contest prizes use winning player photographs with no official English-language physical release.,https://snkrdunk.com/apparels/93360 | https://bulbapedia.bulbagarden.net/wiki/Pok%C3%A9mon_Snap_Best_Photo_Contest,,,https://pub-edb881114340454d8aae56176adec4f2.r2.dev/pokemon/617228.jpg,a83d5f83-fe18-45b0-a67b-3f318ac196e2
base,1996-10-15,Unnumbered Promotional cards (Old Series),OLD-UPC,旧裏,unknown,UNKNOWN,jp,くいしんぼカビゴン,Hungry Snorlax,artwork,Hungry Snorlax uses the Japanese Nintendo 64 campaign composition never issued as a non-Japanese card.,https://bulbapedia.bulbagarden.net/wiki/Hungry_Snorlax_%28Nintendo_64_promo%29 | https://pokumon.com/card/hungry-snorlax-nintendo-64-campaign-pokemon-song-best-collection-cd-1997-unnumbered/,,,https://pub-edb881114340454d8aae56176adec4f2.r2.dev/pokemon/617421.jpg,7f68c2f7-bc3a-4de0-9503-e18278f846c4
base,1996-10-15,Unnumbered Promotional cards (Old Series),OLD-UPC,旧裏,unknown,UNKNOWN,jp,ルージュラ,Jynx,artwork,This unnumbered Jynx uses the Japanese 1998 CoroCoro illustration never issued as a non-Japanese card.,https://bulbapedia.bulbagarden.net/wiki/Jynx_%28CoroCoro_promo%29 | https://pokumon.com/card/jynx-corocoro-1998-unnumbered/,,,https://pub-edb881114340454d8aae56176adec4f2.r2.dev/pokemon/617232.jpg,be8e4a7d-7ae7-4bab-a032-a695ee6f8a79
base,1996-10-15,Unnumbered Promotional cards (Old Series),OLD-UPC,旧裏,unknown,UNKNOWN,jp,ドガース,Koffing,artwork,These nine exact 1999 Pokémon Snap contest prizes use winning player photographs with no official English-language physical release.,https://snkrdunk.com/apparels/470959 | https://bulbapedia.bulbagarden.net/wiki/Pok%C3%A9mon_Snap_Best_Photo_Contest,,,https://pub-edb881114340454d8aae56176adec4f2.r2.dev/pokemon/artofpkm/42f45da8-4c89-4f1c-b560-ce5b5a45db80.jpg,42f45da8-4c89-4f1c-b560-ce5b5a45db80
base,1996-10-15,Unnumbered Promotional cards (Old Series),OLD-UPC,旧裏,unknown,UNKNOWN,jp,ルギア,Lugia,artwork,These exact Game Boy and GB2 promotional printings use artwork released only with their Japanese games or guidebooks.,https://bulbapedia.bulbagarden.net/wiki/Lugia_%28Pok%C3%A9mon_Card_GB2_promo%29 | https://snkrdunk.com/apparels/92097,,,https://pub-edb881114340454d8aae56176adec4f2.r2.dev/pokemon/8480bb62-0d02-417c-965d-6f4912dce704/snkrdunk.webp,8480bb62-0d02-417c-965d-6f4912dce704
base,1996-10-15,Unnumbered Promotional cards (Old Series),OLD-UPC,旧裏,unknown,UNKNOWN,jp,コイキング,Magikarp,artwork,These nine exact 1999 Pokémon Snap contest prizes use winning player photographs with no official English-language physical release.,https://snkrdunk.com/apparels/93355 | https://bulbapedia.bulbagarden.net/wiki/Pok%C3%A9mon_Snap_Best_Photo_Contest,,,https://pub-edb881114340454d8aae56176adec4f2.r2.dev/pokemon/617237.jpg,5da6915f-05ce-43b8-9b60-dec409173050
base,1996-10-15,Unnumbered Promotional cards (Old Series),OLD-UPC,旧裏,unknown,UNKNOWN,jp,No.1 トレーナー,No. 1 Trainer,artwork,This exact Secret Super Battle final trophy has award-specific Japanese artwork never issued internationally.,https://pokumon.com/card/no-1-trainer-world-challenge-secret-super-battle-best-in-japan-2000-unnumbered/ | https://bulbapedia.bulbagarden.net/wiki/Unnumbered_Promotional_cards_%28TCG%29,,,https://pub-edb881114340454d8aae56176adec4f2.r2.dev/pokemon/artofpkm/78aedb92-f09e-4726-a653-6029f760ceeb.jpg,78aedb92-f09e-4726-a653-6029f760ceeb
base,1996-10-15,Unnumbered Promotional cards (Old Series),OLD-UPC,旧裏,unknown,UNKNOWN,jp,No.2 トレーナー,No. 2 Trainer,artwork,This exact Secret Super Battle final trophy has award-specific Japanese artwork never issued internationally.,https://pokumon.com/card/no-2-trainer-world-challenge-secret-super-battle-best-in-japan-2000-unnumbered/ | https://bulbapedia.bulbagarden.net/wiki/Unnumbered_Promotional_cards_%28TCG%29,,,https://pub-edb881114340454d8aae56176adec4f2.r2.dev/pokemon/artofpkm/dc46a0e1-1796-4c77-8058-ed3c14777fdc.jpg,dc46a0e1-1796-4c77-8058-ed3c14777fdc
base,1996-10-15,Unnumbered Promotional cards (Old Series),OLD-UPC,旧裏,unknown,UNKNOWN,jp,No.3 トレーナー,No. 3 Trainer,artwork,This exact Secret Super Battle final trophy has award-specific Japanese artwork never issued internationally.,https://pokumon.com/card/no-3-trainer-world-challenge-secret-super-battle-best-in-japan-2000-unnumbered/ | https://bulbapedia.bulbagarden.net/wiki/Unnumbered_Promotional_cards_%28TCG%29,,,https://pub-edb881114340454d8aae56176adec4f2.r2.dev/pokemon/artofpkm/c9d3e2d6-6931-4edc-98e6-bbe2faa0c7e6.jpg,c9d3e2d6-6931-4edc-98e6-bbe2faa0c7e6
base,1996-10-15,Unnumbered Promotional cards (Old Series),OLD-UPC,旧裏,unknown,UNKNOWN,jp,No.1 Trainer,No.1 Trainer,artwork,This exact 1997 Japanese tournament trophy has award-specific artwork never issued internationally.,https://pokumon.com/card/no-1-trainer-pokemon-card-game-official-tournament-1997-unnumbered/ | https://bulbapedia.bulbagarden.net/wiki/Unnumbered_Promotional_cards_%28TCG%29,,,https://pub-edb881114340454d8aae56176adec4f2.r2.dev/pokemon/artofpkm/a93349cd-cc5a-4357-a992-c2675338a8b2.jpg,a93349cd-cc5a-4357-a992-c2675338a8b2
base,1996-10-15,Unnumbered Promotional cards (Old Series),OLD-UPC,旧裏,unknown,UNKNOWN,jp,No.2 Trainer,No.2 Trainer,artwork,This exact 1997 Japanese tournament trophy has award-specific artwork never issued internationally.,https://pokumon.com/card/no-2-trainer-pokemon-card-game-official-tournament-1997-unnumbered/ | https://bulbapedia.bulbagarden.net/wiki/Unnumbered_Promotional_cards_%28TCG%29,,,https://pub-edb881114340454d8aae56176adec4f2.r2.dev/pokemon/artofpkm/1a90f801-2c25-47bd-ab7b-1b5ad4eb851e.jpg,1a90f801-2c25-47bd-ab7b-1b5ad4eb851e
base,1996-10-15,Unnumbered Promotional cards (Old Series),OLD-UPC,旧裏,unknown,UNKNOWN,jp,No.3 Trainer,No.3 Trainer,artwork,This exact 1997 Japanese tournament trophy has award-specific artwork never issued internationally.,https://pokumon.com/card/no-3-trainer-pokemon-card-game-official-tournament-1997-unnumbered/ | https://bulbapedia.bulbagarden.net/wiki/Unnumbered_Promotional_cards_%28TCG%29,,,https://pub-edb881114340454d8aae56176adec4f2.r2.dev/pokemon/artofpkm/a3f30045-3b95-4954-9183-f9379468ef56.jpg,a3f30045-3b95-4954-9183-f9379468ef56
base,1996-10-15,Unnumbered Promotional cards (Old Series),OLD-UPC,旧裏,unknown,UNKNOWN,jp,ポケモンイラストレーター,Pokémon Illustrator,artwork,This unnumbered Pokémon Illustrator has a unique Japanese contest-prize design never issued internationally.,https://bulbapedia.bulbagarden.net/wiki/Pok%C3%A9mon_Illustrator_%28CoroCoro_promo%29 | https://www.psacard.com/cardfacts/non-sports-cards/1998-nintendo-pokemon-japanese-promo/pikachu-holo-illustrator/640820,,,https://pub-edb881114340454d8aae56176adec4f2.r2.dev/pokemon/artofpkm/e38aa5b1-9693-4c36-a112-90664128a767.jpg,e38aa5b1-9693-4c36-a112-90664128a767
base,1996-10-15,Unnumbered Promotional cards (Old Series),OLD-UPC,旧裏,unknown,UNKNOWN,jp,ニョロモ,Poliwag,artwork,These nine exact 1999 Pokémon Snap contest prizes use winning player photographs with no official English-language physical release.,https://snkrdunk.com/apparels/93357 | https://bulbapedia.bulbagarden.net/wiki/Pok%C3%A9mon_Snap_Best_Photo_Contest,,,https://pub-edb881114340454d8aae56176adec4f2.r2.dev/pokemon/617253.jpg,628bf755-a8cf-4144-a271-27b12be7d172
base,1996-10-15,Unnumbered Promotional cards (Old Series),OLD-UPC,旧裏,unknown,UNKNOWN,jp,ひかるミュウ,Shining Mew,artwork,This unnumbered Shining Mew uses the Japanese CoroCoro composition never issued as a non-Japanese card.,https://bulbapedia.bulbagarden.net/wiki/Shining_Mew | https://pokumon.com/card/shining-mew-corocoro-2001-unnumbered/,,,https://pub-edb881114340454d8aae56176adec4f2.r2.dev/pokemon/617261.jpg,86701266-8373-4fda-ab77-dcbb437ce502
base,1996-10-15,Unnumbered Promotional cards (Old Series),OLD-UPC,旧裏,unknown,UNKNOWN,jp,ゼニガメ,Squirtle,artwork,These nine exact 1999 Pokémon Snap contest prizes use winning player photographs with no official English-language physical release.,https://snkrdunk.com/apparels/470958 | https://bulbapedia.bulbagarden.net/wiki/Pok%C3%A9mon_Snap_Best_Photo_Contest,,,https://pub-edb881114340454d8aae56176adec4f2.r2.dev/pokemon/artofpkm/102ff13b-c161-4985-a40a-4bb200a28709.jpg,102ff13b-c161-4985-a40a-4bb200a28709
base,1996-10-15,Unnumbered Promotional cards (Old Series),OLD-UPC,旧裏,unknown,UNKNOWN,jp,トゲピー,Togepi,artwork,This unnumbered ANA Togepi uses Ryuta Kusumi artwork and campaign text never issued on a non-Japanese printing.,https://bulbapedia.bulbagarden.net/wiki/Togepi_%28ANA_promo%29 | https://pokumon.com/card/togepi-get-in-a-jet-2000-campaign-2000-unnumbered/,,,https://pub-edb881114340454d8aae56176adec4f2.r2.dev/pokemon/617258.jpg,32e01fda-b152-4f5f-87e2-e5285f0ce4a1
base,1996-10-15,Unnumbered Promotional cards (Old Series),OLD-UPC,旧裏,unknown,UNKNOWN,jp,トロピカルウインド,Tropical Wind,artwork,This exact 1999 Tropical Wind uses the Psyduck and Jigglypuff artwork with no official English-language physical release.,https://bulbapedia.bulbagarden.net/wiki/Tropical_Wind_%28Nintendo_Promo_26%29 | https://snkrdunk.com/apparels/467865,,,https://pub-edb881114340454d8aae56176adec4f2.r2.dev/pokemon/artofpkm/e756a359-47a0-4f52-9e86-3b236e8f590d.jpg,e756a359-47a0-4f52-9e86-3b236e8f590d
base,1996-10-15,Unnumbered Promotional cards (Old Series),OLD-UPC,旧裏,unknown,通信進化キャンペーン,jp,フーディン,Alakazam,artwork,These four exact Communication Evolution artworks have no non-Japanese physical printing in their per-card release histories.,https://bulbapedia.bulbagarden.net/wiki/Alakazam_(Communication_Evolution_Campaign_promo) | https://pokumon.com/?s=communication+evolution,,,https://pub-edb881114340454d8aae56176adec4f2.r2.dev/pokemon/d03b3ba8-e57a-4437-91ca-12066579ecae/snkrdunk.webp,d03b3ba8-e57a-4437-91ca-12066579ecae
base,1996-10-15,Unnumbered Promotional cards (Old Series),OLD-UPC,旧裏,unknown,通信進化キャンペーン,jp,ゲンガー,Gengar,artwork,These four exact Communication Evolution artworks have no non-Japanese physical printing in their per-card release histories.,https://bulbapedia.bulbagarden.net/wiki/Gengar_(Communication_Evolution_Campaign_promo) | https://pokumon.com/?s=communication+evolution,,,https://pub-edb881114340454d8aae56176adec4f2.r2.dev/pokemon/d0e9acaf-f0c5-4c61-944d-ec3f38699193/snkrdunk.webp,d0e9acaf-f0c5-4c61-944d-ec3f38699193
base,1996-10-15,Unnumbered Promotional cards (Old Series),OLD-UPC,旧裏,unknown,通信進化キャンペーン,jp,ゴローニャ,Golem,artwork,These four exact Communication Evolution artworks have no non-Japanese physical printing in their per-card release histories.,https://bulbapedia.bulbagarden.net/wiki/Golem_(Communication_Evolution_Campaign_promo) | https://pokumon.com/?s=communication+evolution,,,https://pub-edb881114340454d8aae56176adec4f2.r2.dev/pokemon/45fbfcaf-6fd0-495f-944b-ec9f1b52f4bc/snkrdunk.webp,45fbfcaf-6fd0-495f-944b-ec9f1b52f4bc
base,1996-10-15,Unnumbered Promotional cards (Old Series),OLD-UPC,旧裏,unknown,通信進化キャンペーン,jp,オムスター,Omastar,artwork,These four exact Communication Evolution artworks have no non-Japanese physical printing in their per-card release histories.,https://bulbapedia.bulbagarden.net/wiki/Omastar_(Communication_Evolution_Campaign_promo) | https://pokumon.com/?s=communication+evolution,,,https://pub-edb881114340454d8aae56176adec4f2.r2.dev/pokemon/d8854b4c-dc56-402f-a22d-b5a29ea517c5/snkrdunk.webp,d8854b4c-dc56-402f-a22d-b5a29ea517c5
base,1996-10-20,Expansion Pack,OLD-EP,旧裏,unknown,UNKNOWN,jp,ルージュラ,Jynx,artwork,These exact Japanese Base-art printings retain the original black coloring that was recolored for international Base releases.,https://bulbapedia.bulbagarden.net/wiki/Jynx_%28Base_Set_31%29 | https://www.psacard.com/psasetregistry/tcg/key-card-sets/pokemon-japanese-censored-artwork-cards-1996-present/imagegallery/551897,,,https://pub-edb881114340454d8aae56176adec4f2.r2.dev/pokemon/575643.jpg,6c2b8072-4ad8-4894-bbd5-073063d36998
base,1996-10-20,Expansion Pack (No Rarity),OLD-EPNR,旧裏,unknown,UNKNOWN,jp,ルージュラ,Jynx,artwork,These exact Japanese Base-art printings retain the original black coloring that was recolored for international Base releases.,https://bulbapedia.bulbagarden.net/wiki/Jynx_%28Base_Set_31%29 | https://www.psacard.com/psasetregistry/tcg/key-card-sets/pokemon-japanese-censored-artwork-cards-1996-present/imagegallery/551897,,,https://pub-edb881114340454d8aae56176adec4f2.r2.dev/pokemon/577070.jpg,545ae27d-8e85-463a-b120-373245c56622
base,1997-11-21,Rocket Gang (Base4),OLD-RG,旧裏,unknown,UNKNOWN,jp,ベトベター,Grimer,artwork,The Japanese Team Rocket printing uses the original gaze; Grimer's pupils were changed internationally.,https://bulbapedia.bulbagarden.net/wiki/Grimer_%28Team_Rocket_57%29 | https://www.psacard.com/psasetregistry/tcg/key-card-sets/pokemon-japanese-censored-artwork-cards-1996-present/imagegallery/738524,,,https://pub-edb881114340454d8aae56176adec4f2.r2.dev/pokemon/575724.jpg,7907df2a-63d5-418b-a64e-83d2116d5892
base,1998-04-26,City Gym Decks,OLD-CGD,旧裏,unknown,UNKNOWN,jp,カスミのなみだ,Misty's Tears,artwork,"This Japanese Gym Deck printing uses Misty's original artwork, which was redrawn for international release.",https://bulbapedia.bulbagarden.net/wiki/Misty%27s_Tears_%28TCG%29 | https://www.psacard.com/psasetregistry/tcg/key-card-sets/pokemon-japanese-censored-artwork-cards-1996-present/imagegallery/738524,,,https://pub-edb881114340454d8aae56176adec4f2.r2.dev/pokemon/614817.jpg,50c2e0ed-c2db-4be8-bd0e-47933cb3df75
base,1998-04-26,City Gym Decks,OLD-CGD,旧裏,unknown,UNKNOWN,jp,ナツメの眼,Sabrina's Gaze,artwork,"This Japanese Gym Deck printing uses Sabrina's original gesture, which was redrawn internationally.",https://bulbapedia.bulbagarden.net/wiki/Sabrina%27s_Gaze_%28Gym_Heroes_125%29 | https://www.psacard.com/psasetregistry/tcg/key-card-sets/pokemon-japanese-censored-artwork-cards-1996-present/imagegallery/738524,,,https://pub-edb881114340454d8aae56176adec4f2.r2.dev/pokemon/614838.jpg,9520f7c2-bf4f-46cc-8f97-66c665f6a655
base,1998-04-26,City Gym Decks,OLD-CGD,旧裏,unknown,UNKNOWN,jp,ナツメのゲンガー,Sabrina's Gengar,artwork,This Japanese Gym Deck printing retains the cemetery background that was altered for international release.,https://bulbapedia.bulbagarden.net/wiki/Sabrina%27s_Gengar_%28Gym_Challenge_29%29 | https://www.psacard.com/psasetregistry/tcg/key-card-sets/pokemon-japanese-censored-artwork-cards-1996-present/imagegallery/738524,,,https://pub-edb881114340454d8aae56176adec4f2.r2.dev/pokemon/614839.jpg,a359cd00-0897-41de-8c6e-4ef75a782261
base,1998-04-26,City Gym Decks,OLD-CGD,旧裏,unknown,UNKNOWN,jp,ナツメのルージュラ,Sabrina's Jynx,artwork,This Japanese Gym Deck Sabrina's Jynx uses the original skin tone that was recolored internationally.,https://bulbapedia.bulbagarden.net/wiki/Sabrina%27s_Jynx_%28Gym_Challenge_57%29 | https://www.psacard.com/psasetregistry/tcg/key-card-sets/pokemon-japanese-censored-artwork-cards-1996-present/imagegallery/551897,,,https://pub-edb881114340454d8aae56176adec4f2.r2.dev/pokemon/614842.jpg,0b3df06e-5b50-4109-94a4-db101d2e441c
base,1998-10-24,Leaders' Stadium (Base5),OLD-LS,旧裏,unknown,UNKNOWN,jp,カスミのなみだ,Misty's Tears,artwork,"This Japanese Leaders' Stadium printing uses Misty's original artwork, which was redrawn internationally.",https://bulbapedia.bulbagarden.net/wiki/Misty%27s_Tears_%28TCG%29 | https://www.psacard.com/psasetregistry/tcg/key-card-sets/pokemon-japanese-censored-artwork-cards-1996-present/imagegallery/738524,,,https://pub-edb881114340454d8aae56176adec4f2.r2.dev/pokemon/576829.jpg,b371ec68-f481-417e-bc0f-9afc11b1bad9
base,1998-12-04,Quick Starter Gift Set (Green Deck),OLD-QSGG,旧裏,unknown,UNKNOWN,jp,ルージュラ,Jynx,artwork,These exact Japanese Base-art printings retain the original black coloring that was recolored for international Base releases.,https://bulbapedia.bulbagarden.net/wiki/Jynx_%28Base_Set_31%29 | https://www.psacard.com/psasetregistry/tcg/key-card-sets/pokemon-japanese-censored-artwork-cards-1996-present/imagegallery/551897,,,,e8127641-db16-4052-8674-10c686e0f5cd
base,1999-05-22,How I Became a Pokemon Card,OLD-HIBPC,旧裏,unknown,UNKNOWN,jp,ルージュラ,Jynx,both,These four exact manga inserts use original artwork made for the Japan-only Natta Wake volumes.,https://www.elitefourum.com/t/how-i-became-a-pokemon-card-natta-wake-a-guide-to-the-manga-and-cards/42359 | https://bulbapedia.bulbagarden.net/wiki/List_of_How_I_Became_a_Pok%C3%A9mon_Card_volumes,These exact manga inserts carry the Japan-only Natta Wake printed book mark.,https://www.elitefourum.com/t/how-i-became-a-pokemon-card-natta-wake-a-guide-to-the-manga-and-cards/42359 | https://bulbapedia.bulbagarden.net/wiki/List_of_How_I_Became_a_Pok%C3%A9mon_Card_volumes,https://pub-edb881114340454d8aae56176adec4f2.r2.dev/pokemon/artofpkm/5e6819f5-96d4-44a5-94c4-4bff06893676.jpg,5e6819f5-96d4-44a5-94c4-4bff06893676
base,1999-05-22,How I Became a Pokemon Card,OLD-HIBPC,旧裏,unknown,UNKNOWN,jp,マンキー,Mankey,both,These four exact manga inserts use original artwork made for the Japan-only Natta Wake volumes.,https://www.elitefourum.com/t/how-i-became-a-pokemon-card-natta-wake-a-guide-to-the-manga-and-cards/42359 | https://bulbapedia.bulbagarden.net/wiki/List_of_How_I_Became_a_Pok%C3%A9mon_Card_volumes,These exact manga inserts carry the Japan-only Natta Wake printed book mark.,https://www.elitefourum.com/t/how-i-became-a-pokemon-card-natta-wake-a-guide-to-the-manga-and-cards/42359 | https://bulbapedia.bulbagarden.net/wiki/List_of_How_I_Became_a_Pok%C3%A9mon_Card_volumes,https://pub-edb881114340454d8aae56176adec4f2.r2.dev/pokemon/artofpkm/2e06910c-6785-468f-9e34-4b624fd22ef5.jpg,2e06910c-6785-468f-9e34-4b624fd22ef5
base,1999-05-22,How I Became a Pokemon Card,OLD-HIBPC,旧裏,unknown,UNKNOWN,jp,コダック,Psyduck,stamps,,,The Japanese manga insert carries the Natta Wake book mark; its artwork was reused as WotC Promo 20.,https://www.elitefourum.com/t/how-i-became-a-pokemon-card-natta-wake-a-guide-to-the-manga-and-cards/42359 | https://bulbapedia.bulbagarden.net/wiki/Psyduck_%28Wizards_Promo_20%29,https://pub-edb881114340454d8aae56176adec4f2.r2.dev/pokemon/artofpkm/155ad8c8-bac8-4aea-a612-0e70be8c7df3.jpg,155ad8c8-bac8-4aea-a612-0e70be8c7df3
base,1999-05-22,How I Became a Pokemon Card,OLD-HIBPC,旧裏,unknown,UNKNOWN,jp,ヒマナッツ,Sunkern,both,These four exact manga inserts use original artwork made for the Japan-only Natta Wake volumes.,https://www.elitefourum.com/t/how-i-became-a-pokemon-card-natta-wake-a-guide-to-the-manga-and-cards/42359 | https://bulbapedia.bulbagarden.net/wiki/List_of_How_I_Became_a_Pok%C3%A9mon_Card_volumes,These exact manga inserts carry the Japan-only Natta Wake printed book mark.,https://www.elitefourum.com/t/how-i-became-a-pokemon-card-natta-wake-a-guide-to-the-manga-and-cards/42359 | https://bulbapedia.bulbagarden.net/wiki/List_of_How_I_Became_a_Pok%C3%A9mon_Card_volumes,https://pub-edb881114340454d8aae56176adec4f2.r2.dev/pokemon/artofpkm/f3e1f7b3-12fc-4e3c-8b0b-66a276ee06c0.jpg,f3e1f7b3-12fc-4e3c-8b0b-66a276ee06c0
base,1999-05-22,How I Became a Pokemon Card,OLD-HIBPC,旧裏,unknown,ポケモンカードになったわけ5,jp,ハネッコ,Hoppip,both,These four exact manga inserts use original artwork made for the Japan-only Natta Wake volumes.,https://www.elitefourum.com/t/how-i-became-a-pokemon-card-natta-wake-a-guide-to-the-manga-and-cards/42359 | https://bulbapedia.bulbagarden.net/wiki/List_of_How_I_Became_a_Pok%C3%A9mon_Card_volumes,These exact manga inserts carry the Japan-only Natta Wake printed book mark.,https://www.elitefourum.com/t/how-i-became-a-pokemon-card-natta-wake-a-guide-to-the-manga-and-cards/42359 | https://bulbapedia.bulbagarden.net/wiki/List_of_How_I_Became_a_Pok%C3%A9mon_Card_volumes,https://psusriuihkriqvzbzmmc.supabase.co/storage/v1/object/public/card-images/pokemon/bf2751ad-cb70-4a84-afcc-f3b4a5291e62/user_1784520924129.webp,bf2751ad-cb70-4a84-afcc-f3b4a5291e62
base,1999-05-22,How I Became a Pokemon Card,OLD-HIBPC,旧裏,unknown,ポケモンカードになったわけ6,jp,＿のピカチュウ,_____'s Pikachu,artwork,This exact _____'s Pikachu artwork was created for the Japan-only sixth Natta Wake volume.,https://www.elitefourum.com/t/how-i-became-a-pokemon-card-natta-wake-a-guide-to-the-manga-and-cards/42359 | https://bulbapedia.bulbagarden.net/wiki/List_of_How_I_Became_a_Pok%C3%A9mon_Card_volumes,,,https://pub-edb881114340454d8aae56176adec4f2.r2.dev/pokemon/617204.jpg,bd976328-d5ec-4fcf-8704-713a921e0ece
base,1999-06-25,Challenge from the Darkness,OLD-CD,旧裏,unknown,UNKNOWN,jp,"キョウ秘伝,変わり身の術",Koga's Ninja Trick,artwork,The Japanese Gym printing retains the original symbol that was replaced for international release.,https://bulbapedia.bulbagarden.net/wiki/Koga%27s_Ninja_Trick_%28Gym_Challenge_115%29 | https://www.psacard.com/psasetregistry/tcg/key-card-sets/pokemon-japanese-censored-artwork-cards-1996-present/imagegallery/738524,,,https://pub-edb881114340454d8aae56176adec4f2.r2.dev/pokemon/575379.jpg,c1e8fc17-5f87-4261-a1b2-279ddcf6e089
base,1999-06-25,Challenge from the Darkness,OLD-CD,旧裏,unknown,UNKNOWN,jp,ナツメの眼,Sabrina's Gaze,artwork,"This Japanese Gym printing uses Sabrina's original gesture, which was redrawn internationally.",https://bulbapedia.bulbagarden.net/wiki/Sabrina%27s_Gaze_%28Gym_Heroes_125%29 | https://www.psacard.com/psasetregistry/tcg/key-card-sets/pokemon-japanese-censored-artwork-cards-1996-present/imagegallery/738524,,,https://pub-edb881114340454d8aae56176adec4f2.r2.dev/pokemon/575320.jpg,c6ec56af-f117-4712-a9ef-101271203866
base,1999-06-25,Challenge from the Darkness,OLD-CD,旧裏,unknown,UNKNOWN,jp,ナツメのゲンガー,Sabrina's Gengar,artwork,This Japanese Gym printing retains the cemetery background that was altered for international release.,https://bulbapedia.bulbagarden.net/wiki/Sabrina%27s_Gengar_%28Gym_Challenge_29%29 | https://www.psacard.com/psasetregistry/tcg/key-card-sets/pokemon-japanese-censored-artwork-cards-1996-present/imagegallery/738524,,,https://pub-edb881114340454d8aae56176adec4f2.r2.dev/pokemon/575343.jpg,8008b608-8cf4-43ce-b5ea-8387f11e5033
base,1999-06-25,Challenge from the Darkness,OLD-CD,旧裏,unknown,UNKNOWN,jp,ナツメのルージュラ,Sabrina's Jynx,artwork,This Japanese Gym 2 Sabrina's Jynx uses the original skin tone that was recolored internationally.,https://bulbapedia.bulbagarden.net/wiki/Sabrina%27s_Jynx_%28Gym_Challenge_57%29 | https://www.psacard.com/psasetregistry/tcg/key-card-sets/pokemon-japanese-censored-artwork-cards-1996-present/imagegallery/551897,,,https://pub-edb881114340454d8aae56176adec4f2.r2.dev/pokemon/575389.jpg,4824ce9d-f0fc-4c8d-bfef-9aa9546217bd
base,1999-07-30,Intro Pack (Bulbasaur),OLD-IPB,37,unknown,UNKNOWN,jp,ルージュラ,Jynx,artwork,These exact Japanese Base-art printings retain the original black coloring that was recolored for international Base releases.,https://bulbapedia.bulbagarden.net/wiki/Jynx_%28Base_Set_31%29 | https://www.psacard.com/psasetregistry/tcg/key-card-sets/pokemon-japanese-censored-artwork-cards-1996-present/imagegallery/551897,,,https://pub-edb881114340454d8aae56176adec4f2.r2.dev/pokemon/614620.jpg,54f6e424-a4ad-4339-a0c4-a70e195aa54e
neo,2000-02-04,"Gold, Silver, to a New World... (Neo1)",OLD-GN,旧裏,unknown,UNKNOWN,jp,スロットゲーム,Arcade Game,artwork,The Japanese Neo printing shows the casino layout; the international release uses changed artwork.,https://bulbapedia.bulbagarden.net/wiki/Arcade_Game_%28TCG%29 | https://www.elitefourum.com/t/censored-artwork-of-the-pokemon-tcg/11002,,,https://pub-edb881114340454d8aae56176adec4f2.r2.dev/pokemon/575828.jpg,4fc28f6e-b93c-461c-94ae-59f0221e05d0
neo,2000-02-04,"Gold, Silver, to a New World... (Neo1)",OLD-GN,旧裏,unknown,UNKNOWN,jp,カードめくりゲーム,Card-Flip Game,artwork,The Japanese Neo printing shows the casino layout; the international release uses changed artwork.,https://bulbapedia.bulbagarden.net/wiki/Card_Flip_Game_%28Neo_Genesis_92%29 | https://www.psacard.com/psasetregistry/tcg/key-card-sets/pokemon-japanese-censored-artwork-cards-1996-present/imagegallery/738524,,,https://pub-edb881114340454d8aae56176adec4f2.r2.dev/pokemon/575848.jpg,1894506a-5816-458b-8e83-dcdd6ada0ae6
neo,2000-02-04,"Gold, Silver, to a New World... (Neo1)",OLD-GN,旧裏,unknown,UNKNOWN,jp,モーモーミルク,Moomoo Milk,artwork,The Japanese Neo printing uses the original artwork; international and later Japanese prints use replacement art.,https://bulbapedia.bulbagarden.net/wiki/Moomoo_Milk | https://www.psacard.com/psasetregistry/tcg/key-card-sets/pokemon-japanese-censored-artwork-cards-1996-present/imagegallery/738524,,,https://pub-edb881114340454d8aae56176adec4f2.r2.dev/pokemon/575794.jpg,85052e90-c6e9-44fa-8ce3-247afce0f66c
e,2001-10-20,Pokemon Web Sets,PWEB,001/048,first,1ED,jp,フシギソウ,Ivysaur,artwork,These exact Web printings use one of 18 physical card artworks whose per-card histories show no non-Japanese physical release.,https://bulbapedia.bulbagarden.net/wiki/Ivysaur_(Pok%C3%A9mon_Web_1) | https://jp.pokellector.com/Pokemon-Web-Expansion/,,,https://pub-edb881114340454d8aae56176adec4f2.r2.dev/pokemon/613660.jpg,4104fa5b-3c37-43ba-a5e4-04c5811af7b5
e,2001-10-20,Pokemon Web Sets,PWEB,001/048,unlimited,アンリミ,jp,フシギソウ,Ivysaur,artwork,These exact Web printings use one of 18 physical card artworks whose per-card histories show no non-Japanese physical release.,https://bulbapedia.bulbagarden.net/wiki/Ivysaur_(Pok%C3%A9mon_Web_1) | https://jp.pokellector.com/Pokemon-Web-Expansion/,,,https://pub-edb881114340454d8aae56176adec4f2.r2.dev/pokemon/613660.jpg,21051b1e-d934-4056-a8db-4e4340049ce8
e,2001-10-20,Pokemon Web Sets,PWEB,002/048,first,1ED,jp,ニドラン♂,Nidoran,artwork,These exact Web printings use one of 18 physical card artworks whose per-card histories show no non-Japanese physical release.,https://bulbapedia.bulbagarden.net/wiki/Nidoran%E2%99%82_(Pok%C3%A9mon_Web_2) | https://jp.pokellector.com/Pokemon-Web-Expansion/,,,https://pub-edb881114340454d8aae56176adec4f2.r2.dev/pokemon/613658.jpg,fb33d23c-ac81-4bf1-a29e-cc5d4a33854f
e,2001-10-20,Pokemon Web Sets,PWEB,002/048,unlimited,アンリミ,jp,ニドラン♂,Nidoran,artwork,These exact Web printings use one of 18 physical card artworks whose per-card histories show no non-Japanese physical release.,https://bulbapedia.bulbagarden.net/wiki/Nidoran%E2%99%82_(Pok%C3%A9mon_Web_2) | https://jp.pokellector.com/Pokemon-Web-Expansion/,,,https://pub-edb881114340454d8aae56176adec4f2.r2.dev/pokemon/613658.jpg,ee807b7f-88d7-4c96-bf37-6b2ca268b241
e,2001-10-20,Pokemon Web Sets,PWEB,003/048,first,1ED,jp,コンパン,Venonat,artwork,These exact Web printings use one of 18 physical card artworks whose per-card histories show no non-Japanese physical release.,https://bulbapedia.bulbagarden.net/wiki/Venonat_(Pok%C3%A9mon_Web_3) | https://jp.pokellector.com/Pokemon-Web-Expansion/,,,https://pub-edb881114340454d8aae56176adec4f2.r2.dev/pokemon/613663.jpg,14a6f029-31ab-4043-a621-a544512daa71
e,2001-10-20,Pokemon Web Sets,PWEB,003/048,unlimited,アンリミ,jp,コンパン,Venonat,artwork,These exact Web printings use one of 18 physical card artworks whose per-card histories show no non-Japanese physical release.,https://bulbapedia.bulbagarden.net/wiki/Venonat_(Pok%C3%A9mon_Web_3) | https://jp.pokellector.com/Pokemon-Web-Expansion/,,,https://cdn.snkrdunk.com/upload_bg_removed/pkmn-tcg-7303901-yu.webp,e9edd009-902d-4d9e-b77f-7f35c222d54d
e,2001-10-20,Pokemon Web Sets,PWEB,005/048,first,1ED,jp,モンジャラ,Tangela,artwork,These exact Web printings use one of 18 physical card artworks whose per-card histories show no non-Japanese physical release.,https://bulbapedia.bulbagarden.net/wiki/Tangela_(Pok%C3%A9mon_Web_5) | https://jp.pokellector.com/Pokemon-Web-Expansion/,,,https://pub-edb881114340454d8aae56176adec4f2.r2.dev/pokemon/613655.jpg,4366381f-eed3-4a02-a2b3-3cee69621ced
e,2001-10-20,Pokemon Web Sets,PWEB,005/048,unlimited,アンリミ,jp,モンジャラ,Tangela,artwork,These exact Web printings use one of 18 physical card artworks whose per-card histories show no non-Japanese physical release.,https://bulbapedia.bulbagarden.net/wiki/Tangela_(Pok%C3%A9mon_Web_5) | https://jp.pokellector.com/Pokemon-Web-Expansion/,,,https://pub-edb881114340454d8aae56176adec4f2.r2.dev/pokemon/613655.jpg,1742cfef-5ad8-40e3-8279-6d93d41c7006
e,2001-10-20,Pokemon Web Sets,PWEB,006/048,first,1ED,jp,ガーディ,Growlithe,artwork,These exact Web printings use one of 18 physical card artworks whose per-card histories show no non-Japanese physical release.,https://bulbapedia.bulbagarden.net/wiki/Growlithe_(Pok%C3%A9mon_Web_6) | https://jp.pokellector.com/Pokemon-Web-Expansion/,,,https://pub-edb881114340454d8aae56176adec4f2.r2.dev/pokemon/613662.jpg,12c60a4b-187d-4a10-910e-9551868069f5
e,2001-10-20,Pokemon Web Sets,PWEB,006/048,unlimited,アンリミ,jp,ガーディ,Growlithe,artwork,These exact Web printings use one of 18 physical card artworks whose per-card histories show no non-Japanese physical release.,https://bulbapedia.bulbagarden.net/wiki/Growlithe_(Pok%C3%A9mon_Web_6) | https://jp.pokellector.com/Pokemon-Web-Expansion/,,,https://pub-edb881114340454d8aae56176adec4f2.r2.dev/pokemon/613662.jpg,e7ca85dd-302d-4c18-81c9-29bb75c66e18
e,2001-10-20,Pokemon Web Sets,PWEB,008/048,first,1ED,jp,ロコン,Vulpix,artwork,These exact Web printings use one of 18 physical card artworks whose per-card histories show no non-Japanese physical release.,https://bulbapedia.bulbagarden.net/wiki/Vulpix_(Pok%C3%A9mon_Web_8) | https://jp.pokellector.com/Pokemon-Web-Expansion/,,,https://pub-edb881114340454d8aae56176adec4f2.r2.dev/pokemon/613664.jpg,6d07a603-7566-4554-a15e-245c59f5f4d8
e,2001-10-20,Pokemon Web Sets,PWEB,008/048,unlimited,アンリミ,jp,ロコン,Vulpix,artwork,These exact Web printings use one of 18 physical card artworks whose per-card histories show no non-Japanese physical release.,https://bulbapedia.bulbagarden.net/wiki/Vulpix_(Pok%C3%A9mon_Web_8) | https://jp.pokellector.com/Pokemon-Web-Expansion/,,,https://cdn.snkrdunk.com/upload_bg_removed/20230131014923-0.webp,67ecb80f-dabb-4ce2-8005-30d99d28ab00
e,2001-10-20,Pokemon Web Sets,PWEB,009/048,first,1ED,jp,カメール,Wartortle,artwork,These exact Web printings use one of 18 physical card artworks whose per-card histories show no non-Japanese physical release.,https://bulbapedia.bulbagarden.net/wiki/Wartortle_(Pok%C3%A9mon_Web_9) | https://jp.pokellector.com/Pokemon-Web-Expansion/,,,https://pub-edb881114340454d8aae56176adec4f2.r2.dev/pokemon/613661.jpg,255b8e8b-5984-4898-8077-28841a990351
e,2001-10-20,Pokemon Web Sets,PWEB,009/048,unlimited,アンリミ,jp,カメール,Wartortle,artwork,These exact Web printings use one of 18 physical card artworks whose per-card histories show no non-Japanese physical release.,https://bulbapedia.bulbagarden.net/wiki/Wartortle_(Pok%C3%A9mon_Web_9) | https://jp.pokellector.com/Pokemon-Web-Expansion/,,,https://pub-edb881114340454d8aae56176adec4f2.r2.dev/pokemon/613661.jpg,24640e43-3b63-426f-8b16-4432d59b322c
e,2001-10-20,Pokemon Web Sets,PWEB,012/048,first,1ED,jp,ヤドン,Slowpoke,artwork,These exact Web printings use one of 18 physical card artworks whose per-card histories show no non-Japanese physical release.,https://bulbapedia.bulbagarden.net/wiki/Slowpoke_(Pok%C3%A9mon_Web_12) | https://jp.pokellector.com/Pokemon-Web-Expansion/,,,https://pub-edb881114340454d8aae56176adec4f2.r2.dev/pokemon/613652.jpg,b25df273-a03f-478c-8a0c-8fd1458fecce
e,2001-10-20,Pokemon Web Sets,PWEB,012/048,unlimited,アンリミ,jp,ヤドン,Slowpoke,artwork,These exact Web printings use one of 18 physical card artworks whose per-card histories show no non-Japanese physical release.,https://bulbapedia.bulbagarden.net/wiki/Slowpoke_(Pok%C3%A9mon_Web_12) | https://jp.pokellector.com/Pokemon-Web-Expansion/,,,https://pub-edb881114340454d8aae56176adec4f2.r2.dev/pokemon/613652.jpg,091f0f80-643a-48c0-bfdd-48ef9cb71e20
e,2001-10-20,Pokemon Web Sets,PWEB,013/048,first,1ED,jp,ディグダ,Diglett,artwork,These exact Web printings use one of 18 physical card artworks whose per-card histories show no non-Japanese physical release.,https://bulbapedia.bulbagarden.net/wiki/Diglett_(Pok%C3%A9mon_Web_13) | https://jp.pokellector.com/Pokemon-Web-Expansion/,,,https://pub-edb881114340454d8aae56176adec4f2.r2.dev/pokemon/613657.jpg,823a427c-b3c7-4822-a6d2-da9715c0fb03
e,2001-10-20,Pokemon Web Sets,PWEB,013/048,unlimited,アンリミ,jp,ディグダ,Diglett,artwork,These exact Web printings use one of 18 physical card artworks whose per-card histories show no non-Japanese physical release.,https://bulbapedia.bulbagarden.net/wiki/Diglett_(Pok%C3%A9mon_Web_13) | https://jp.pokellector.com/Pokemon-Web-Expansion/,,,https://pub-edb881114340454d8aae56176adec4f2.r2.dev/pokemon/613657.jpg,0c4fd6b9-4222-487a-8253-5fb1233776db
e,2001-10-20,Pokemon Web Sets,PWEB,014/048,first,1ED,jp,サワムラー,Hitmonlee,artwork,These exact Web printings use one of 18 physical card artworks whose per-card histories show no non-Japanese physical release.,https://bulbapedia.bulbagarden.net/wiki/Hitmonlee_(Pok%C3%A9mon_Web_14) | https://jp.pokellector.com/Pokemon-Web-Expansion/,,,https://pub-edb881114340454d8aae56176adec4f2.r2.dev/pokemon/613659.jpg,44fce56f-872d-49b1-96dc-d5ba13c9653f
e,2001-10-20,Pokemon Web Sets,PWEB,014/048,unlimited,アンリミ,jp,サワムラー,Hitmonlee,artwork,These exact Web printings use one of 18 physical card artworks whose per-card histories show no non-Japanese physical release.,https://bulbapedia.bulbagarden.net/wiki/Hitmonlee_(Pok%C3%A9mon_Web_14) | https://jp.pokellector.com/Pokemon-Web-Expansion/,,,https://pub-edb881114340454d8aae56176adec4f2.r2.dev/pokemon/613659.jpg,611bcf4a-b79e-469f-a435-f9df62eb9060
e,2001-10-20,Pokemon Web Sets,PWEB,018/048,first,1ED,jp,ニドリーノ,Nidorino,artwork,These exact Web printings use one of 18 physical card artworks whose per-card histories show no non-Japanese physical release.,https://bulbapedia.bulbagarden.net/wiki/Nidorino_(Pok%C3%A9mon_Web_18) | https://jp.pokellector.com/Pokemon-Web-Expansion/,,,https://pub-edb881114340454d8aae56176adec4f2.r2.dev/pokemon/613693.jpg,fbbbf882-6c11-409d-8237-10e67f0ddcab
e,2001-10-20,Pokemon Web Sets,PWEB,018/048,unlimited,アンリミ,jp,ニドリーノ,Nidorino,artwork,These exact Web printings use one of 18 physical card artworks whose per-card histories show no non-Japanese physical release.,https://bulbapedia.bulbagarden.net/wiki/Nidorino_(Pok%C3%A9mon_Web_18) | https://jp.pokellector.com/Pokemon-Web-Expansion/,,,https://pub-edb881114340454d8aae56176adec4f2.r2.dev/pokemon/613693.jpg,06fa8734-9e07-4664-bde5-4305017dd859
e,2001-10-20,Pokemon Web Sets,PWEB,019/048,first,1ED,jp,モルフォン,Venomoth,artwork,These exact Web printings use one of 18 physical card artworks whose per-card histories show no non-Japanese physical release.,https://bulbapedia.bulbagarden.net/wiki/Venomoth_(Pok%C3%A9mon_Web_19) | https://jp.pokellector.com/Pokemon-Web-Expansion/,,,https://pub-edb881114340454d8aae56176adec4f2.r2.dev/pokemon/613691.jpg,7d5b20d3-4888-46ec-9a57-8ddb98cc8041
e,2001-10-20,Pokemon Web Sets,PWEB,019/048,unlimited,アンリミ,jp,モルフォン,Venomoth,artwork,These exact Web printings use one of 18 physical card artworks whose per-card histories show no non-Japanese physical release.,https://bulbapedia.bulbagarden.net/wiki/Venomoth_(Pok%C3%A9mon_Web_19) | https://jp.pokellector.com/Pokemon-Web-Expansion/,,,https://pub-edb881114340454d8aae56176adec4f2.r2.dev/pokemon/613691.jpg,22c2da5f-0bc7-4d33-b7ba-d293a3eb4b99
e,2001-10-20,Pokemon Web Sets,PWEB,023/048,first,1ED,jp,ウインディ,Arcanine,artwork,These exact Web printings use one of 18 physical card artworks whose per-card histories show no non-Japanese physical release.,https://bulbapedia.bulbagarden.net/wiki/Arcanine_(Pok%C3%A9mon_Web_23) | https://jp.pokellector.com/Pokemon-Web-Expansion/,,,https://pub-edb881114340454d8aae56176adec4f2.r2.dev/pokemon/613692.jpg,cb5b114a-a26a-4980-8b4b-f842528b7f60
e,2001-10-20,Pokemon Web Sets,PWEB,026/048,first,1ED,jp,マルマイン,Electrode,artwork,These exact Web printings use one of 18 physical card artworks whose per-card histories show no non-Japanese physical release.,https://bulbapedia.bulbagarden.net/wiki/Electrode_(Pok%C3%A9mon_Web_26) | https://jp.pokellector.com/Pokemon-Web-Expansion/,,,https://pub-edb881114340454d8aae56176adec4f2.r2.dev/pokemon/613688.jpg,985a1b4e-9402-4402-a14d-daa3f7105f2c
e,2001-10-20,Pokemon Web Sets,PWEB,026/048,unlimited,アンリミ,jp,マルマイン,Electrode,artwork,These exact Web printings use one of 18 physical card artworks whose per-card histories show no non-Japanese physical release.,https://bulbapedia.bulbagarden.net/wiki/Electrode_(Pok%C3%A9mon_Web_26) | https://jp.pokellector.com/Pokemon-Web-Expansion/,,,https://pub-edb881114340454d8aae56176adec4f2.r2.dev/pokemon/613688.jpg,a3c21c78-6274-40a4-8dd5-bac41c5831c9
e,2001-10-20,Pokemon Web Sets,PWEB,029/048,first,1ED,jp,ダグトリオ,Dugtrio,artwork,These exact Web printings use one of 18 physical card artworks whose per-card histories show no non-Japanese physical release.,https://bulbapedia.bulbagarden.net/wiki/Dugtrio_(Pok%C3%A9mon_Web_29) | https://jp.pokellector.com/Pokemon-Web-Expansion/,,,https://pub-edb881114340454d8aae56176adec4f2.r2.dev/pokemon/613690.jpg,f7a430aa-093f-4944-9b5a-6f3f7b6e1f02
e,2001-10-20,Pokemon Web Sets,PWEB,029/048,unlimited,アンリミ,jp,ダグトリオ,Dugtrio,artwork,These exact Web printings use one of 18 physical card artworks whose per-card histories show no non-Japanese physical release.,https://bulbapedia.bulbagarden.net/wiki/Dugtrio_(Pok%C3%A9mon_Web_29) | https://jp.pokellector.com/Pokemon-Web-Expansion/,,,https://pub-edb881114340454d8aae56176adec4f2.r2.dev/pokemon/613690.jpg,98cb9a18-7618-474e-89a5-5b74d39ca7cd
e,2001-10-20,Pokemon Web Sets,PWEB,032/048,unknown,UNKNOWN,jp,ポケモン再転送,Pokemon Retransfer,artwork,These exact Web printings use one of 18 physical card artworks whose per-card histories show no non-Japanese physical release.,https://bulbapedia.bulbagarden.net/wiki/Pok%C3%A9mon_Retransfer_(Pok%C3%A9mon_Web_32) | https://jp.pokellector.com/Pokemon-Web-Expansion/,,,https://pub-edb881114340454d8aae56176adec4f2.r2.dev/pokemon/613694.jpg,63909d4a-1727-4cbe-a543-79ffb7bc6608
e,2001-10-20,Pokemon Web Sets,PWEB,035/048,first,1ED,jp,コイキング,Magikarp,artwork,These exact Web printings use one of 18 physical card artworks whose per-card histories show no non-Japanese physical release.,https://bulbapedia.bulbagarden.net/wiki/Magikarp_(Pok%C3%A9mon_Web_35) | https://jp.pokellector.com/Pokemon-Web-Expansion/,,,https://cdn.snkrdunk.com/upload_bg_removed/7303964.webp,bf57df2c-0c37-4477-a02f-e4c9300a59bf
e,2001-10-20,Pokemon Web Sets,PWEB,035/048,unlimited,アンリミ,jp,コイキング,Magikarp,artwork,These exact Web printings use one of 18 physical card artworks whose per-card histories show no non-Japanese physical release.,https://bulbapedia.bulbagarden.net/wiki/Magikarp_(Pok%C3%A9mon_Web_35) | https://jp.pokellector.com/Pokemon-Web-Expansion/,,,https://cdn.snkrdunk.com/upload_bg_removed/7303965.webp,7c01a09e-9970-4db8-b235-81a469d04faa
e,2001-10-20,Pokemon Web Sets,PWEB,047/048,first,1ED,jp,ゲンガー,Gengar,artwork,These exact Web printings use one of 18 physical card artworks whose per-card histories show no non-Japanese physical release.,https://bulbapedia.bulbagarden.net/wiki/Gengar_(Pok%C3%A9mon_Web_47) | https://jp.pokellector.com/Pokemon-Web-Expansion/,,,https://pub-edb881114340454d8aae56176adec4f2.r2.dev/pokemon/613669.jpg,78a57158-a35f-4ed9-88ae-277e69d6eaac
e,2001-10-20,Pokemon Web Sets,PWEB,047/048,unlimited,アンリミ,jp,ゲンガー,Gengar,artwork,These exact Web printings use one of 18 physical card artworks whose per-card histories show no non-Japanese physical release.,https://bulbapedia.bulbagarden.net/wiki/Gengar_(Pok%C3%A9mon_Web_47) | https://jp.pokellector.com/Pokemon-Web-Expansion/,,,https://pub-edb881114340454d8aae56176adec4f2.r2.dev/pokemon/613669.jpg,a015062f-4316-439c-b7c9-3065573883df
vs,2001-07-19,ポケモンカード★VS,VS,001/141,unknown,UNKNOWN,jp,ハヤトのピジョット,Falkner's Pidgeot,artwork,Each exact VS printing has a card-level physical release history with no non-Japanese printing and is bound to the Japan-only set checklist.,https://bulbapedia.bulbagarden.net/wiki/Falkner's_Pidgeot_(VS_1) | https://bulbapedia.bulbagarden.net/wiki/Pok%C3%A9mon_VS_%28TCG%29 | https://www.pokellector.com/Pokemon-VS-Expansion/,,,https://pub-edb881114340454d8aae56176adec4f2.r2.dev/pokemon/618723.jpg,92173def-9f79-4719-a9c5-5ce297fb39a4
vs,2001-07-19,ポケモンカード★VS,VS,003/141,first,1ED,jp,ハヤトのカモネギ,Falkner's Farfetch'd,artwork,Each exact VS printing has a card-level physical release history with no non-Japanese printing and is bound to the Japan-only set checklist.,https://bulbapedia.bulbagarden.net/wiki/Falkner's_Farfetch'd_(VS_3) | https://bulbapedia.bulbagarden.net/wiki/Pok%C3%A9mon_VS_%28TCG%29 | https://www.pokellector.com/Pokemon-VS-Expansion/,,,https://pub-edb881114340454d8aae56176adec4f2.r2.dev/pokemon/618728.jpg,845eb2e6-1473-48fe-9396-655c912936d2
vs,2001-07-19,ポケモンカード★VS,VS,004/141,unknown,UNKNOWN,jp,ハヤトのドードリオ,Falkner's Dodrio,artwork,Each exact VS printing has a card-level physical release history with no non-Japanese printing and is bound to the Japan-only set checklist.,https://bulbapedia.bulbagarden.net/wiki/Falkner's_Dodrio_(VS_4) | https://bulbapedia.bulbagarden.net/wiki/Pok%C3%A9mon_VS_%28TCG%29 | https://www.pokellector.com/Pokemon-VS-Expansion/,,,https://pub-edb881114340454d8aae56176adec4f2.r2.dev/pokemon/618731.jpg,ae9660f5-d0aa-41e2-8a56-004eb2b13495
vs,2001-07-19,ポケモンカード★VS,VS,005/141,first,1ED,jp,ハヤトのトゲチック,Falkner's Togetic,artwork,Each exact VS printing has a card-level physical release history with no non-Japanese printing and is bound to the Japan-only set checklist.,https://bulbapedia.bulbagarden.net/wiki/Falkner's_Togetic_(VS_5) | https://bulbapedia.bulbagarden.net/wiki/Pok%C3%A9mon_VS_%28TCG%29 | https://www.pokellector.com/Pokemon-VS-Expansion/,,,https://pub-edb881114340454d8aae56176adec4f2.r2.dev/pokemon/618734.jpg,29b75ff1-05af-4e16-a5a5-98155da041d0
vs,2001-07-19,ポケモンカード★VS,VS,006/141,unknown,UNKNOWN,jp,ハヤトのデリバード,Falkner's Delibird,artwork,Each exact VS printing has a card-level physical release history with no non-Japanese printing and is bound to the Japan-only set checklist.,https://bulbapedia.bulbagarden.net/wiki/Falkner's_Delibird_(VS_6) | https://bulbapedia.bulbagarden.net/wiki/Pok%C3%A9mon_VS_%28TCG%29 | https://www.pokellector.com/Pokemon-VS-Expansion/,,,https://pub-edb881114340454d8aae56176adec4f2.r2.dev/pokemon/618736.jpg,fc82d331-927c-4568-8592-4aca4c47dad9
vs,2001-07-19,ポケモンカード★VS,VS,007/141,unknown,キラ,jp,ハヤトのエアームド,Falkner's Skarmory,artwork,Each exact VS printing has a card-level physical release history with no non-Japanese printing and is bound to the Japan-only set checklist.,https://bulbapedia.bulbagarden.net/wiki/Falkner's_Skarmory_(VS_7) | https://bulbapedia.bulbagarden.net/wiki/Pok%C3%A9mon_VS_%28TCG%29 | https://www.pokellector.com/Pokemon-VS-Expansion/,,,https://pub-edb881114340454d8aae56176adec4f2.r2.dev/pokemon/618738.jpg,52e6f221-fb40-444c-b7c0-02f6935f03ab
vs,2001-07-19,ポケモンカード★VS,VS,008/141,unknown,UNKNOWN,jp,ツクシのバタフリー,Bugsy's Butterfree,artwork,Each exact VS printing has a card-level physical release history with no non-Japanese printing and is bound to the Japan-only set checklist.,https://bulbapedia.bulbagarden.net/wiki/Bugsy's_Butterfree_(VS_8) | https://bulbapedia.bulbagarden.net/wiki/Pok%C3%A9mon_VS_%28TCG%29 | https://www.pokellector.com/Pokemon-VS-Expansion/,,,https://pub-edb881114340454d8aae56176adec4f2.r2.dev/pokemon/618739.jpg,1f83cfa7-84a6-41f6-b31d-717375fbd79d
vs,2001-07-19,ポケモンカード★VS,VS,009/141,unknown,UNKNOWN,jp,ツクシのスピアー,Bugsy's Beedrill,artwork,Each exact VS printing has a card-level physical release history with no non-Japanese printing and is bound to the Japan-only set checklist.,https://bulbapedia.bulbagarden.net/wiki/Bugsy's_Beedrill_(VS_9) | https://bulbapedia.bulbagarden.net/wiki/Pok%C3%A9mon_VS_%28TCG%29 | https://www.pokellector.com/Pokemon-VS-Expansion/,,,https://pub-edb881114340454d8aae56176adec4f2.r2.dev/pokemon/618740.jpg,ac1cdabe-a39b-4a00-aa0e-040e89d9176b
vs,2001-07-19,ポケモンカード★VS,VS,010/141,unknown,UNKNOWN,jp,ツクシのカイロス,Bugsy's Pinsir,artwork,Each exact VS printing has a card-level physical release history with no non-Japanese printing and is bound to the Japan-only set checklist.,https://bulbapedia.bulbagarden.net/wiki/Bugsy's_Pinsir_(VS_10) | https://bulbapedia.bulbagarden.net/wiki/Pok%C3%A9mon_VS_%28TCG%29 | https://www.pokellector.com/Pokemon-VS-Expansion/,,,https://pub-edb881114340454d8aae56176adec4f2.r2.dev/pokemon/618741.jpg,a51adbbb-b804-42f2-8313-ddd5036ff4d3
vs,2001-07-19,ポケモンカード★VS,VS,011/141,unknown,UNKNOWN,jp,ツクシのレディアン,Bugsy's Ledian,artwork,Each exact VS printing has a card-level physical release history with no non-Japanese printing and is bound to the Japan-only set checklist.,https://bulbapedia.bulbagarden.net/wiki/Bugsy's_Ledian_(VS_11) | https://bulbapedia.bulbagarden.net/wiki/Pok%C3%A9mon_VS_%28TCG%29 | https://www.pokellector.com/Pokemon-VS-Expansion/,,,https://pub-edb881114340454d8aae56176adec4f2.r2.dev/pokemon/618742.jpg,f3d008f9-8831-4a74-970f-e73fa537f86c
vs,2001-07-19,ポケモンカード★VS,VS,013/141,first,1ED,jp,ツクシのハッサム,Bugsy's Scizor,artwork,Each exact VS printing has a card-level physical release history with no non-Japanese printing and is bound to the Japan-only set checklist.,https://bulbapedia.bulbagarden.net/wiki/Bugsy's_Scizor_(VS_13) | https://bulbapedia.bulbagarden.net/wiki/Pok%C3%A9mon_VS_%28TCG%29 | https://www.pokellector.com/Pokemon-VS-Expansion/,,,https://pub-edb881114340454d8aae56176adec4f2.r2.dev/pokemon/618747.jpg,d7c954a3-e98a-4f2c-94e9-0318865ce405
vs,2001-07-19,ポケモンカード★VS,VS,014/141,unknown,UNKNOWN,jp,アカネのピクシー,Whitney's Clefable,artwork,Each exact VS printing has a card-level physical release history with no non-Japanese printing and is bound to the Japan-only set checklist.,https://bulbapedia.bulbagarden.net/wiki/Whitney's_Clefable_(VS_14) | https://bulbapedia.bulbagarden.net/wiki/Pok%C3%A9mon_VS_%28TCG%29 | https://www.pokellector.com/Pokemon-VS-Expansion/,,,https://pub-edb881114340454d8aae56176adec4f2.r2.dev/pokemon/615324.jpg,21c8e474-bec0-48ce-b871-38b3d526b879
vs,2001-07-19,ポケモンカード★VS,VS,015/141,unknown,UNKNOWN,jp,アカネのプクリン,Whitney's Wigglytuff,artwork,Each exact VS printing has a card-level physical release history with no non-Japanese printing and is bound to the Japan-only set checklist.,https://bulbapedia.bulbagarden.net/wiki/Whitney's_Wigglytuff_(VS_15) | https://bulbapedia.bulbagarden.net/wiki/Pok%C3%A9mon_VS_%28TCG%29 | https://www.pokellector.com/Pokemon-VS-Expansion/,,,https://pub-edb881114340454d8aae56176adec4f2.r2.dev/pokemon/618334.jpg,ab09153d-6562-4924-a299-b6ba5c545889
vs,2001-07-19,ポケモンカード★VS,VS,016/141,first,1ED,jp,アカネのペルシアン,Whitney's Persian,artwork,Each exact VS printing has a card-level physical release history with no non-Japanese printing and is bound to the Japan-only set checklist.,https://bulbapedia.bulbagarden.net/wiki/Whitney's_Persian_(VS_16) | https://bulbapedia.bulbagarden.net/wiki/Pok%C3%A9mon_VS_%28TCG%29 | https://www.pokellector.com/Pokemon-VS-Expansion/,,,https://pub-edb881114340454d8aae56176adec4f2.r2.dev/pokemon/622575.jpg,731bb7a0-7108-4c5f-837e-ea6d0d4b1ba2
vs,2001-07-19,ポケモンカード★VS,VS,017/141,unknown,UNKNOWN,jp,アカネのベロリンガ,Whitney's Lickitung,artwork,Each exact VS printing has a card-level physical release history with no non-Japanese printing and is bound to the Japan-only set checklist.,https://bulbapedia.bulbagarden.net/wiki/Whitney's_Lickitung_(VS_17) | https://bulbapedia.bulbagarden.net/wiki/Pok%C3%A9mon_VS_%28TCG%29 | https://www.pokellector.com/Pokemon-VS-Expansion/,,,https://pub-edb881114340454d8aae56176adec4f2.r2.dev/pokemon/622599.jpg,a30b207f-7f0f-40a6-bfd2-bda6a6495ad1
vs,2001-07-19,ポケモンカード★VS,VS,019/141,unknown,UNKNOWN,jp,アカネのミルタンク,Whitney's Miltank,artwork,Each exact VS printing has a card-level physical release history with no non-Japanese printing and is bound to the Japan-only set checklist.,https://bulbapedia.bulbagarden.net/wiki/Whitney's_Miltank_(VS_19) | https://bulbapedia.bulbagarden.net/wiki/Pok%C3%A9mon_VS_%28TCG%29 | https://www.pokellector.com/Pokemon-VS-Expansion/,,,https://pub-edb881114340454d8aae56176adec4f2.r2.dev/pokemon/622601.jpg,c0e7cb46-5806-435b-baac-bb30adce07ed
vs,2001-07-19,ポケモンカード★VS,VS,020/141,unknown,UNKNOWN,jp,マツバのキュウコン,Morty's Ninetales,artwork,Each exact VS printing has a card-level physical release history with no non-Japanese printing and is bound to the Japan-only set checklist.,https://bulbapedia.bulbagarden.net/wiki/Morty's_Ninetales_(VS_20) | https://bulbapedia.bulbagarden.net/wiki/Pok%C3%A9mon_VS_%28TCG%29 | https://www.pokellector.com/Pokemon-VS-Expansion/,,,https://pub-edb881114340454d8aae56176adec4f2.r2.dev/pokemon/622609.jpg,0f1030fe-a3ec-4299-8db6-c03949e7ea2d
vs,2001-07-19,ポケモンカード★VS,VS,021/141,first,1ED,jp,マツバのゲンガー,Morty's Gengar,artwork,Each exact VS printing has a card-level physical release history with no non-Japanese printing and is bound to the Japan-only set checklist.,https://bulbapedia.bulbagarden.net/wiki/Morty's_Gengar_(VS_21) | https://bulbapedia.bulbagarden.net/wiki/Pok%C3%A9mon_VS_%28TCG%29 | https://www.pokellector.com/Pokemon-VS-Expansion/,,,https://pub-edb881114340454d8aae56176adec4f2.r2.dev/pokemon/622613.jpg,966615c2-bd65-486b-ba34-569a3bfa7a07
vs,2001-07-19,ポケモンカード★VS,VS,023/141,unknown,UNKNOWN,jp,マツバのガラガラ,Morty's Marowak,artwork,Each exact VS printing has a card-level physical release history with no non-Japanese printing and is bound to the Japan-only set checklist.,https://bulbapedia.bulbagarden.net/wiki/Morty's_Marowak_(VS_23) | https://bulbapedia.bulbagarden.net/wiki/Pok%C3%A9mon_VS_%28TCG%29 | https://www.pokellector.com/Pokemon-VS-Expansion/,,,https://pub-edb881114340454d8aae56176adec4f2.r2.dev/pokemon/622634.jpg,624aaa6c-b255-4e01-8fb0-a34806eb6d76
vs,2001-07-19,ポケモンカード★VS,VS,024/141,unknown,UNKNOWN,jp,マツバのヨルノズク,Morty's Noctowl,artwork,Each exact VS printing has a card-level physical release history with no non-Japanese printing and is bound to the Japan-only set checklist.,https://bulbapedia.bulbagarden.net/wiki/Morty's_Noctowl_(VS_24) | https://bulbapedia.bulbagarden.net/wiki/Pok%C3%A9mon_VS_%28TCG%29 | https://www.pokellector.com/Pokemon-VS-Expansion/,,,https://pub-edb881114340454d8aae56176adec4f2.r2.dev/pokemon/622638.jpg,89b613b5-fd29-4b5a-bcf1-2f8b7ac5dba9
vs,2001-07-19,ポケモンカード★VS,VS,025/141,first,1ED,jp,マツバのヤミカラス,Morty's Murkrow,artwork,Each exact VS printing has a card-level physical release history with no non-Japanese printing and is bound to the Japan-only set checklist.,https://bulbapedia.bulbagarden.net/wiki/Morty's_Murkrow_(VS_25) | https://bulbapedia.bulbagarden.net/wiki/Pok%C3%A9mon_VS_%28TCG%29 | https://www.pokellector.com/Pokemon-VS-Expansion/,,,https://pub-edb881114340454d8aae56176adec4f2.r2.dev/pokemon/622645.jpg,03fa8bda-a802-4cf6-8769-24984c448eb7
vs,2001-07-19,ポケモンカード★VS,VS,026/141,unknown,UNKNOWN,jp,マツバのムウマ,Morty's Misdreavus,artwork,Each exact VS printing has a card-level physical release history with no non-Japanese printing and is bound to the Japan-only set checklist.,https://bulbapedia.bulbagarden.net/wiki/Morty's_Misdreavus_(VS_26) | https://bulbapedia.bulbagarden.net/wiki/Pok%C3%A9mon_VS_%28TCG%29 | https://www.pokellector.com/Pokemon-VS-Expansion/,,,https://pub-edb881114340454d8aae56176adec4f2.r2.dev/pokemon/622648.jpg,a65fa5eb-a078-49d4-af11-1bdfd828e704
vs,2001-07-19,ポケモンカード★VS,VS,028/141,unknown,UNKNOWN,jp,ミカンのレアコイル,Jasmine's Magneton,artwork,Each exact VS printing has a card-level physical release history with no non-Japanese printing and is bound to the Japan-only set checklist.,https://bulbapedia.bulbagarden.net/wiki/Jasmine's_Magneton_(VS_28) | https://bulbapedia.bulbagarden.net/wiki/Pok%C3%A9mon_VS_%28TCG%29 | https://www.pokellector.com/Pokemon-VS-Expansion/,,,https://pub-edb881114340454d8aae56176adec4f2.r2.dev/pokemon/622684.jpg,b6f2265d-3ac2-49e3-b2c8-95058e468f3e
vs,2001-07-19,ポケモンカード★VS,VS,029/141,unknown,UNKNOWN,jp,ミカンのエレブー,Jasmine's Electabuzz,artwork,Each exact VS printing has a card-level physical release history with no non-Japanese printing and is bound to the Japan-only set checklist.,https://bulbapedia.bulbagarden.net/wiki/Jasmine's_Electabuzz_(VS_29) | https://bulbapedia.bulbagarden.net/wiki/Pok%C3%A9mon_VS_%28TCG%29 | https://www.pokellector.com/Pokemon-VS-Expansion/,,,https://pub-edb881114340454d8aae56176adec4f2.r2.dev/pokemon/622689.jpg,97e56753-cc7e-4c6c-ba75-9d23532356e5
vs,2001-07-19,ポケモンカード★VS,VS,030/141,first,1ED,jp,ミカンのサンダース,Jasmine's Jolteon,artwork,Each exact VS printing has a card-level physical release history with no non-Japanese printing and is bound to the Japan-only set checklist.,https://bulbapedia.bulbagarden.net/wiki/Jasmine's_Jolteon_(VS_30) | https://bulbapedia.bulbagarden.net/wiki/Pok%C3%A9mon_VS_%28TCG%29 | https://www.pokellector.com/Pokemon-VS-Expansion/,,,https://pub-edb881114340454d8aae56176adec4f2.r2.dev/pokemon/622694.jpg,6a5fe59c-11d3-42d4-a298-8e11a31300c6
vs,2001-07-19,ポケモンカード★VS,VS,031/141,unknown,UNKNOWN,jp,ミカンのデンリュウ,Jasmine's Ampharos,artwork,Each exact VS printing has a card-level physical release history with no non-Japanese printing and is bound to the Japan-only set checklist.,https://bulbapedia.bulbagarden.net/wiki/Jasmine's_Ampharos_(VS_31) | https://bulbapedia.bulbagarden.net/wiki/Pok%C3%A9mon_VS_%28TCG%29 | https://www.pokellector.com/Pokemon-VS-Expansion/,,,https://pub-edb881114340454d8aae56176adec4f2.r2.dev/pokemon/622697.jpg,b4ce714e-3d2f-402e-983d-7b4a5c0af154
vs,2001-07-19,ポケモンカード★VS,VS,032/141,unknown,キラ,jp,ミカンのハガネール,Jasmine's Steelix,artwork,Each exact VS printing has a card-level physical release history with no non-Japanese printing and is bound to the Japan-only set checklist.,https://bulbapedia.bulbagarden.net/wiki/Jasmine's_Steelix_(VS_32) | https://bulbapedia.bulbagarden.net/wiki/Pok%C3%A9mon_VS_%28TCG%29 | https://www.pokellector.com/Pokemon-VS-Expansion/,,,https://pub-edb881114340454d8aae56176adec4f2.r2.dev/pokemon/622701.jpg,dd729021-4443-43aa-a15e-651841632c6d
vs,2001-07-19,ポケモンカード★VS,VS,033/141,unknown,UNKNOWN,jp,シジマのオコリザル,Chuck's Primeape,artwork,Each exact VS printing has a card-level physical release history with no non-Japanese printing and is bound to the Japan-only set checklist.,https://bulbapedia.bulbagarden.net/wiki/Chuck's_Primeape_(VS_33) | https://bulbapedia.bulbagarden.net/wiki/Pok%C3%A9mon_VS_%28TCG%29 | https://www.pokellector.com/Pokemon-VS-Expansion/,,,https://pub-edb881114340454d8aae56176adec4f2.r2.dev/pokemon/630782.jpg,50539ba4-304b-4169-92dc-f028c8c9235d
vs,2001-07-19,ポケモンカード★VS,VS,034/141,unknown,UNKNOWN,jp,シジマのニョロボン,Chuck's Poliwrath,artwork,Each exact VS printing has a card-level physical release history with no non-Japanese printing and is bound to the Japan-only set checklist.,https://bulbapedia.bulbagarden.net/wiki/Chuck's_Poliwrath_(VS_34) | https://bulbapedia.bulbagarden.net/wiki/Pok%C3%A9mon_VS_%28TCG%29 | https://www.pokellector.com/Pokemon-VS-Expansion/,,,https://pub-edb881114340454d8aae56176adec4f2.r2.dev/pokemon/630785.jpg,87bba0b6-e57b-466b-89c1-a5220de751e2
vs,2001-07-19,ポケモンカード★VS,VS,035/141,unknown,UNKNOWN,jp,シジマのサイドン,Chuck's Rhydon,artwork,Each exact VS printing has a card-level physical release history with no non-Japanese printing and is bound to the Japan-only set checklist.,https://bulbapedia.bulbagarden.net/wiki/Chuck's_Rhydon_(VS_35) | https://bulbapedia.bulbagarden.net/wiki/Pok%C3%A9mon_VS_%28TCG%29 | https://www.pokellector.com/Pokemon-VS-Expansion/,,,https://pub-edb881114340454d8aae56176adec4f2.r2.dev/pokemon/630787.jpg,49daaa28-6272-4cc9-9014-0126c2d7407f
vs,2001-07-19,ポケモンカード★VS,VS,036/141,unknown,UNKNOWN,jp,シジマのケンタロス,Chuck's Tauros,artwork,Each exact VS printing has a card-level physical release history with no non-Japanese printing and is bound to the Japan-only set checklist.,https://bulbapedia.bulbagarden.net/wiki/Chuck's_Tauros_(VS_36) | https://bulbapedia.bulbagarden.net/wiki/Pok%C3%A9mon_VS_%28TCG%29 | https://www.pokellector.com/Pokemon-VS-Expansion/,,,https://pub-edb881114340454d8aae56176adec4f2.r2.dev/pokemon/630788.jpg,95a7eeea-311a-48f3-bf96-40a3daee5583
vs,2001-07-19,ポケモンカード★VS,VS,037/141,unknown,UNKNOWN,jp,シジマのグランブル,Chuck's Granbull,artwork,Each exact VS printing has a card-level physical release history with no non-Japanese printing and is bound to the Japan-only set checklist.,https://bulbapedia.bulbagarden.net/wiki/Chuck's_Granbull_(VS_37) | https://bulbapedia.bulbagarden.net/wiki/Pok%C3%A9mon_VS_%28TCG%29 | https://www.pokellector.com/Pokemon-VS-Expansion/,,,https://pub-edb881114340454d8aae56176adec4f2.r2.dev/pokemon/630789.jpg,9a303dbd-159f-4c27-8d4d-6f5f8ba54e76
vs,2001-07-19,ポケモンカード★VS,VS,039/141,unknown,UNKNOWN,jp,ヤナギのジュゴン,Pryce's Dewgong,artwork,Each exact VS printing has a card-level physical release history with no non-Japanese printing and is bound to the Japan-only set checklist.,https://bulbapedia.bulbagarden.net/wiki/Pryce's_Dewgong_(VS_39) | https://bulbapedia.bulbagarden.net/wiki/Pok%C3%A9mon_VS_%28TCG%29 | https://www.pokellector.com/Pokemon-VS-Expansion/,,,https://pub-edb881114340454d8aae56176adec4f2.r2.dev/pokemon/630791.jpg,5028b21a-5653-4c64-b0f6-f0759551eb64
vs,2001-07-19,ポケモンカード★VS,VS,041/141,first,1ED,jp,ヤナギのラプラス,Pryce's Lapras,artwork,Each exact VS printing has a card-level physical release history with no non-Japanese printing and is bound to the Japan-only set checklist.,https://bulbapedia.bulbagarden.net/wiki/Pryce's_Lapras_(VS_41) | https://bulbapedia.bulbagarden.net/wiki/Pok%C3%A9mon_VS_%28TCG%29 | https://www.pokellector.com/Pokemon-VS-Expansion/,,,https://pub-edb881114340454d8aae56176adec4f2.r2.dev/pokemon/630795.jpg,5f1a2f10-9979-4987-a0bb-e3279aa6d011
vs,2001-07-19,ポケモンカード★VS,VS,041/141,unlimited,アンリミ,jp,ヤナギのラプラス,Pryce's Lapras,artwork,Each exact VS printing has a card-level physical release history with no non-Japanese printing and is bound to the Japan-only set checklist.,https://bulbapedia.bulbagarden.net/wiki/Pryce's_Lapras_(VS_41) | https://bulbapedia.bulbagarden.net/wiki/Pok%C3%A9mon_VS_%28TCG%29 | https://www.pokellector.com/Pokemon-VS-Expansion/,,,https://cdn.snkrdunk.com/upload_bg_removed/0e9e00ad-f491-4b74-a2e8-1e8609d9ad02.webp,b2e0a2ee-9ccc-49f1-aaea-b16032784dde
vs,2001-07-19,ポケモンカード★VS,VS,042/141,unknown,UNKNOWN,jp,ヤナギのフリーザー,Pryce's Articuno,artwork,Each exact VS printing has a card-level physical release history with no non-Japanese printing and is bound to the Japan-only set checklist.,https://bulbapedia.bulbagarden.net/wiki/Pryce's_Articuno_(VS_42) | https://bulbapedia.bulbagarden.net/wiki/Pok%C3%A9mon_VS_%28TCG%29 | https://www.pokellector.com/Pokemon-VS-Expansion/,,,https://pub-edb881114340454d8aae56176adec4f2.r2.dev/pokemon/630796.jpg,943d10e1-fc00-4098-bd3c-27fe78c9d2e5
vs,2001-07-19,ポケモンカード★VS,VS,043/141,unknown,キラ,jp,ヤナギのニューラ,Pryce's Sneasel,artwork,Each exact VS printing has a card-level physical release history with no non-Japanese printing and is bound to the Japan-only set checklist.,https://bulbapedia.bulbagarden.net/wiki/Pryce's_Sneasel_(VS_43) | https://bulbapedia.bulbagarden.net/wiki/Pok%C3%A9mon_VS_%28TCG%29 | https://www.pokellector.com/Pokemon-VS-Expansion/,,,https://pub-edb881114340454d8aae56176adec4f2.r2.dev/pokemon/630797.jpg,3100e5c2-528e-49f4-9a2a-e6b5ea43595f
vs,2001-07-19,ポケモンカード★VS,VS,044/141,unknown,UNKNOWN,jp,ヤナギのイノムー,Pryce's Piloswine,artwork,Each exact VS printing has a card-level physical release history with no non-Japanese printing and is bound to the Japan-only set checklist.,https://bulbapedia.bulbagarden.net/wiki/Pryce's_Piloswine_(VS_44) | https://bulbapedia.bulbagarden.net/wiki/Pok%C3%A9mon_VS_%28TCG%29 | https://www.pokellector.com/Pokemon-VS-Expansion/,,,https://pub-edb881114340454d8aae56176adec4f2.r2.dev/pokemon/630798.jpg,8fc03cff-39c8-4763-9134-5df4372f4cd3
vs,2001-07-19,ポケモンカード★VS,VS,045/141,unknown,UNKNOWN,jp,ヤナギのデリバード,Pryce's Delibird,artwork,Each exact VS printing has a card-level physical release history with no non-Japanese printing and is bound to the Japan-only set checklist.,https://bulbapedia.bulbagarden.net/wiki/Pryce's_Delibird_(VS_45) | https://bulbapedia.bulbagarden.net/wiki/Pok%C3%A9mon_VS_%28TCG%29 | https://www.pokellector.com/Pokemon-VS-Expansion/,,,https://pub-edb881114340454d8aae56176adec4f2.r2.dev/pokemon/630799.jpg,8cbd3b2c-3f6d-4e24-931b-a6bfe4da1c82
vs,2001-07-19,ポケモンカード★VS,VS,046/141,unknown,UNKNOWN,jp,イブキのカメックス,Clair's Blastoise,artwork,Each exact VS printing has a card-level physical release history with no non-Japanese printing and is bound to the Japan-only set checklist.,https://bulbapedia.bulbagarden.net/wiki/Clair's_Blastoise_(VS_46) | https://bulbapedia.bulbagarden.net/wiki/Pok%C3%A9mon_VS_%28TCG%29 | https://www.pokellector.com/Pokemon-VS-Expansion/,,,https://pub-edb881114340454d8aae56176adec4f2.r2.dev/pokemon/630800.jpg,74ae14cd-b900-4ef0-80ca-b7a3e0d93b69
vs,2001-07-19,ポケモンカード★VS,VS,047/141,unknown,UNKNOWN,jp,イブキのルージュラ,Clair's Jynx,artwork,Each exact VS printing has a card-level physical release history with no non-Japanese printing and is bound to the Japan-only set checklist.,https://bulbapedia.bulbagarden.net/wiki/Clair's_Jynx_(VS_47) | https://bulbapedia.bulbagarden.net/wiki/Pok%C3%A9mon_VS_%28TCG%29 | https://www.pokellector.com/Pokemon-VS-Expansion/,,,https://pub-edb881114340454d8aae56176adec4f2.r2.dev/pokemon/630801.jpg,1a0d85f9-537a-441b-8444-ba9bab1cce44
vs,2001-07-19,ポケモンカード★VS,VS,048/141,first,1ED,jp,イブキのギャラドス,Clair's Gyarados,artwork,Each exact VS printing has a card-level physical release history with no non-Japanese printing and is bound to the Japan-only set checklist.,https://bulbapedia.bulbagarden.net/wiki/Clair's_Gyarados_(VS_48) | https://bulbapedia.bulbagarden.net/wiki/Pok%C3%A9mon_VS_%28TCG%29 | https://www.pokellector.com/Pokemon-VS-Expansion/,,,https://pub-edb881114340454d8aae56176adec4f2.r2.dev/pokemon/630802.jpg,e27eab3a-7d13-4c8b-a00f-536abb2b1302
vs,2001-07-19,ポケモンカード★VS,VS,049/141,first,1ED,jp,イブキのカイリュー,Clair's Dragonite,artwork,Each exact VS printing has a card-level physical release history with no non-Japanese printing and is bound to the Japan-only set checklist.,https://bulbapedia.bulbagarden.net/wiki/Clair's_Dragonite_(VS_49) | https://bulbapedia.bulbagarden.net/wiki/Pok%C3%A9mon_VS_%28TCG%29 | https://www.pokellector.com/Pokemon-VS-Expansion/,,,https://pub-edb881114340454d8aae56176adec4f2.r2.dev/pokemon/630832.jpg,00838993-16a1-4114-88f3-2b192a9f444e
vs,2001-07-19,ポケモンカード★VS,VS,050/141,unknown,UNKNOWN,jp,イブキのニョロトノ,Clair's Politoed,artwork,Each exact VS printing has a card-level physical release history with no non-Japanese printing and is bound to the Japan-only set checklist.,https://bulbapedia.bulbagarden.net/wiki/Clair's_Politoed_(VS_50) | https://bulbapedia.bulbagarden.net/wiki/Pok%C3%A9mon_VS_%28TCG%29 | https://www.pokellector.com/Pokemon-VS-Expansion/,,,https://pub-edb881114340454d8aae56176adec4f2.r2.dev/pokemon/630833.jpg,72e7e3c1-8f1a-43d8-9d63-79f1bb892eb9
vs,2001-07-19,ポケモンカード★VS,VS,052/141,unknown,UNKNOWN,jp,イブキのキングドラ,Clair's Kingdra,artwork,Each exact VS printing has a card-level physical release history with no non-Japanese printing and is bound to the Japan-only set checklist.,https://bulbapedia.bulbagarden.net/wiki/Clair's_Kingdra_(VS_52) | https://bulbapedia.bulbagarden.net/wiki/Pok%C3%A9mon_VS_%28TCG%29 | https://www.pokellector.com/Pokemon-VS-Expansion/,,,https://pub-edb881114340454d8aae56176adec4f2.r2.dev/pokemon/630842.jpg,f87674e2-af85-4d97-8f87-9fe24aae2011
vs,2001-07-19,ポケモンカード★VS,VS,053/141,first,1ED,jp,マチスのライチュウ,Lt. Surge's Raichu,artwork,Each exact VS printing has a card-level physical release history with no non-Japanese printing and is bound to the Japan-only set checklist.,https://bulbapedia.bulbagarden.net/wiki/Lt._Surge's_Raichu_(VS_53) | https://bulbapedia.bulbagarden.net/wiki/Pok%C3%A9mon_VS_%28TCG%29 | https://www.pokellector.com/Pokemon-VS-Expansion/,,,https://pub-edb881114340454d8aae56176adec4f2.r2.dev/pokemon/630838.jpg,05370d2d-1fb4-46c3-87a2-6fcf32597ee3
vs,2001-07-19,ポケモンカード★VS,VS,054/141,unknown,UNKNOWN,jp,マチスのランターン,Lt. Surge's Lanturn,artwork,Each exact VS printing has a card-level physical release history with no non-Japanese printing and is bound to the Japan-only set checklist.,https://bulbapedia.bulbagarden.net/wiki/Lt._Surge's_Lanturn_(VS_54) | https://bulbapedia.bulbagarden.net/wiki/Pok%C3%A9mon_VS_%28TCG%29 | https://www.pokellector.com/Pokemon-VS-Expansion/,,,https://pub-edb881114340454d8aae56176adec4f2.r2.dev/pokemon/630839.jpg,a6e9bdf4-0e0a-4360-8abc-705f54da19c6
vs,2001-07-19,ポケモンカード★VS,VS,055/141,unknown,UNKNOWN,jp,ナツメのネイティオ,Sabrina's Xatu,artwork,Each exact VS printing has a card-level physical release history with no non-Japanese printing and is bound to the Japan-only set checklist.,https://bulbapedia.bulbagarden.net/wiki/Sabrina's_Xatu_(VS_55) | https://bulbapedia.bulbagarden.net/wiki/Pok%C3%A9mon_VS_%28TCG%29 | https://www.pokellector.com/Pokemon-VS-Expansion/,,,https://pub-edb881114340454d8aae56176adec4f2.r2.dev/pokemon/630840.jpg,5fe7cd1a-21c5-4ce2-8f84-d0aa4a7f07e2
vs,2001-07-19,ポケモンカード★VS,VS,056/141,first,1ED,jp,ナツメのエーフィ,Sabrina's Espeon,artwork,Each exact VS printing has a card-level physical release history with no non-Japanese printing and is bound to the Japan-only set checklist.,https://bulbapedia.bulbagarden.net/wiki/Sabrina's_Espeon_(VS_56) | https://bulbapedia.bulbagarden.net/wiki/Pok%C3%A9mon_VS_%28TCG%29 | https://www.pokellector.com/Pokemon-VS-Expansion/,,,https://pub-edb881114340454d8aae56176adec4f2.r2.dev/pokemon/630841.jpg,041bba2f-c708-4034-8bcd-51351faaf0cb
vs,2001-07-19,ポケモンカード★VS,VS,057/141,unknown,UNKNOWN,jp,カスミのラプラス,Misty's Lapras,artwork,Each exact VS printing has a card-level physical release history with no non-Japanese printing and is bound to the Japan-only set checklist.,https://bulbapedia.bulbagarden.net/wiki/Misty's_Lapras_(VS_57) | https://bulbapedia.bulbagarden.net/wiki/Pok%C3%A9mon_VS_%28TCG%29 | https://www.pokellector.com/Pokemon-VS-Expansion/,,,https://pub-edb881114340454d8aae56176adec4f2.r2.dev/pokemon/630843.jpg,6954bf6f-107b-40b4-8035-1713c24b863b
vs,2001-07-19,ポケモンカード★VS,VS,058/141,unknown,UNKNOWN,jp,カスミのヌオー,Misty's Quagsire,artwork,Each exact VS printing has a card-level physical release history with no non-Japanese printing and is bound to the Japan-only set checklist.,https://bulbapedia.bulbagarden.net/wiki/Misty's_Quagsire_(VS_58) | https://bulbapedia.bulbagarden.net/wiki/Pok%C3%A9mon_VS_%28TCG%29 | https://www.pokellector.com/Pokemon-VS-Expansion/,,,https://pub-edb881114340454d8aae56176adec4f2.r2.dev/pokemon/630844.jpg,a4a1ad14-eeea-4622-a825-604308096e46
vs,2001-07-19,ポケモンカード★VS,VS,059/141,unknown,UNKNOWN,jp,エリカのキレイハナ,Erika's Bellossom,artwork,Each exact VS printing has a card-level physical release history with no non-Japanese printing and is bound to the Japan-only set checklist.,https://bulbapedia.bulbagarden.net/wiki/Erika's_Bellossom_(VS_59) | https://bulbapedia.bulbagarden.net/wiki/Pok%C3%A9mon_VS_%28TCG%29 | https://www.pokellector.com/Pokemon-VS-Expansion/,,,https://pub-edb881114340454d8aae56176adec4f2.r2.dev/pokemon/630845.jpg,55a86ca2-1451-4a26-aef2-97e54fe610eb
vs,2001-07-19,ポケモンカード★VS,VS,060/141,unknown,UNKNOWN,jp,エリカのワタッコ,Erika's Jumpluff,artwork,Each exact VS printing has a card-level physical release history with no non-Japanese printing and is bound to the Japan-only set checklist.,https://bulbapedia.bulbagarden.net/wiki/Erika's_Jumpluff_(VS_60) | https://bulbapedia.bulbagarden.net/wiki/Pok%C3%A9mon_VS_%28TCG%29 | https://www.pokellector.com/Pokemon-VS-Expansion/,,,https://pub-edb881114340454d8aae56176adec4f2.r2.dev/pokemon/630846.jpg,13383d1e-d42a-414a-9edd-801b219fc1d2
vs,2001-07-19,ポケモンカード★VS,VS,062/141,unknown,UNKNOWN,jp,アンズのアーボック,Janine's Arbok,artwork,Each exact VS printing has a card-level physical release history with no non-Japanese printing and is bound to the Japan-only set checklist.,https://bulbapedia.bulbagarden.net/wiki/Janine's_Arbok_(VS_62) | https://bulbapedia.bulbagarden.net/wiki/Pok%C3%A9mon_VS_%28TCG%29 | https://www.pokellector.com/Pokemon-VS-Expansion/,,,https://pub-edb881114340454d8aae56176adec4f2.r2.dev/pokemon/artofpkm/ea9bd2c3-2fdb-4ad3-82fc-2d2d83395458.jpg,ea9bd2c3-2fdb-4ad3-82fc-2d2d83395458
vs,2001-07-19,ポケモンカード★VS,VS,063/141,unknown,UNKNOWN,jp,アンズのモルフォン,Janine's Venomoth,artwork,Each exact VS printing has a card-level physical release history with no non-Japanese printing and is bound to the Japan-only set checklist.,https://bulbapedia.bulbagarden.net/wiki/Janine's_Venomoth_(VS_63) | https://bulbapedia.bulbagarden.net/wiki/Pok%C3%A9mon_VS_%28TCG%29 | https://www.pokellector.com/Pokemon-VS-Expansion/,,,https://pub-edb881114340454d8aae56176adec4f2.r2.dev/pokemon/631767.jpg,321980ba-54ff-43ee-9016-8200c0f3e987
vs,2001-07-19,ポケモンカード★VS,VS,064/141,unknown,UNKNOWN,jp,アンズのマタドガス,Janine's Weezing,artwork,Each exact VS printing has a card-level physical release history with no non-Japanese printing and is bound to the Japan-only set checklist.,https://bulbapedia.bulbagarden.net/wiki/Janine's_Weezing_(VS_64) | https://bulbapedia.bulbagarden.net/wiki/Pok%C3%A9mon_VS_%28TCG%29 | https://www.pokellector.com/Pokemon-VS-Expansion/,,,https://pub-edb881114340454d8aae56176adec4f2.r2.dev/pokemon/631769.jpg,9af197c9-5e01-44ab-be95-9ed05f11b99d
vs,2001-07-19,ポケモンカード★VS,VS,065/141,unknown,UNKNOWN,jp,アンズのアリアドス,Janine's Ariados,artwork,Each exact VS printing has a card-level physical release history with no non-Japanese printing and is bound to the Japan-only set checklist.,https://bulbapedia.bulbagarden.net/wiki/Janine's_Ariados_(VS_65) | https://bulbapedia.bulbagarden.net/wiki/Pok%C3%A9mon_VS_%28TCG%29 | https://www.pokellector.com/Pokemon-VS-Expansion/,,,https://pub-edb881114340454d8aae56176adec4f2.r2.dev/pokemon/631771.jpg,5c9796ec-0c37-4a0f-9724-0883e385768e
vs,2001-07-19,ポケモンカード★VS,VS,066/141,unknown,UNKNOWN,jp,アンズのクロバット,Janine's Crobat,artwork,Each exact VS printing has a card-level physical release history with no non-Japanese printing and is bound to the Japan-only set checklist.,https://bulbapedia.bulbagarden.net/wiki/Janine's_Crobat_(VS_66) | https://bulbapedia.bulbagarden.net/wiki/Pok%C3%A9mon_VS_%28TCG%29 | https://www.pokellector.com/Pokemon-VS-Expansion/,,,https://pub-edb881114340454d8aae56176adec4f2.r2.dev/pokemon/631774.jpg,9fcd8757-a7bc-48c7-9d87-07d097997521
vs,2001-07-19,ポケモンカード★VS,VS,067/141,unknown,UNKNOWN,jp,アンズのツボツボ,Janine's Shuckle,artwork,Each exact VS printing has a card-level physical release history with no non-Japanese printing and is bound to the Japan-only set checklist.,https://bulbapedia.bulbagarden.net/wiki/Janine's_Shuckle_(VS_67) | https://bulbapedia.bulbagarden.net/wiki/Pok%C3%A9mon_VS_%28TCG%29 | https://www.pokellector.com/Pokemon-VS-Expansion/,,,https://pub-edb881114340454d8aae56176adec4f2.r2.dev/pokemon/631776.jpg,debac356-eb5d-4a11-8f2f-0b3832986376
vs,2001-07-19,ポケモンカード★VS,VS,068/141,unknown,UNKNOWN,jp,タケシのオムスター,Brock's Omastar,artwork,Each exact VS printing has a card-level physical release history with no non-Japanese printing and is bound to the Japan-only set checklist.,https://bulbapedia.bulbagarden.net/wiki/Brock's_Omastar_(VS_68) | https://bulbapedia.bulbagarden.net/wiki/Pok%C3%A9mon_VS_%28TCG%29 | https://www.pokellector.com/Pokemon-VS-Expansion/,,,https://pub-edb881114340454d8aae56176adec4f2.r2.dev/pokemon/631777.jpg,fb04f559-7c6c-4346-896b-970bd543bdaf
vs,2001-07-19,ポケモンカード★VS,VS,069/141,unknown,UNKNOWN,jp,タケシのカブトプス,Brock's Kabutops,artwork,Each exact VS printing has a card-level physical release history with no non-Japanese printing and is bound to the Japan-only set checklist.,https://bulbapedia.bulbagarden.net/wiki/Brock's_Kabutops_(VS_69) | https://bulbapedia.bulbagarden.net/wiki/Pok%C3%A9mon_VS_%28TCG%29 | https://www.pokellector.com/Pokemon-VS-Expansion/,,,https://pub-edb881114340454d8aae56176adec4f2.r2.dev/pokemon/631778.jpg,8283183e-8bdf-4261-87b7-9db3d72e4a1f
vs,2001-07-19,ポケモンカード★VS,VS,070/141,unknown,UNKNOWN,jp,カツラのバクフーン,Blaine's Typhlosion,artwork,Each exact VS printing has a card-level physical release history with no non-Japanese printing and is bound to the Japan-only set checklist.,https://bulbapedia.bulbagarden.net/wiki/Blaine's_Typhlosion_(VS_70) | https://bulbapedia.bulbagarden.net/wiki/Pok%C3%A9mon_VS_%28TCG%29 | https://www.pokellector.com/Pokemon-VS-Expansion/,,,https://pub-edb881114340454d8aae56176adec4f2.r2.dev/pokemon/631779.jpg,bcaa06ac-e1f8-4f31-8d55-687cc40c8ec4
vs,2001-07-19,ポケモンカード★VS,VS,071/141,first,1ED,jp,カツラのマグカルゴ,Blaine's Magcargo,artwork,Each exact VS printing has a card-level physical release history with no non-Japanese printing and is bound to the Japan-only set checklist.,https://bulbapedia.bulbagarden.net/wiki/Blaine's_Magcargo_(VS_71) | https://bulbapedia.bulbagarden.net/wiki/Pok%C3%A9mon_VS_%28TCG%29 | https://www.pokellector.com/Pokemon-VS-Expansion/,,,https://pub-edb881114340454d8aae56176adec4f2.r2.dev/pokemon/631781.jpg,04f33f0f-dc03-418b-a2b8-d9684d186c6e
vs,2001-07-19,ポケモンカード★VS,VS,072/141,first,1ED,jp,イツキのヤドラン,Will's Slowbro,artwork,Each exact VS printing has a card-level physical release history with no non-Japanese printing and is bound to the Japan-only set checklist.,https://bulbapedia.bulbagarden.net/wiki/Will's_Slowbro_(VS_72) | https://bulbapedia.bulbagarden.net/wiki/Pok%C3%A9mon_VS_%28TCG%29 | https://www.pokellector.com/Pokemon-VS-Expansion/,,,https://pub-edb881114340454d8aae56176adec4f2.r2.dev/pokemon/631783.jpg,4d3e2948-dcde-4f01-ae9b-495f1b1e27cc
vs,2001-07-19,ポケモンカード★VS,VS,073/141,unknown,UNKNOWN,jp,イツキのナッシー,Will's Exeggutor,artwork,Each exact VS printing has a card-level physical release history with no non-Japanese printing and is bound to the Japan-only set checklist.,https://bulbapedia.bulbagarden.net/wiki/Will's_Exeggutor_(VS_73) | https://bulbapedia.bulbagarden.net/wiki/Pok%C3%A9mon_VS_%28TCG%29 | https://www.pokellector.com/Pokemon-VS-Expansion/,,,https://pub-edb881114340454d8aae56176adec4f2.r2.dev/pokemon/631831.jpg,9c7ecb9f-4d39-4c81-95be-2bff612a0b4e
vs,2001-07-19,ポケモンカード★VS,VS,074/141,unknown,UNKNOWN,jp,イツキのルージュラ,Will's Jynx,artwork,Each exact VS printing has a card-level physical release history with no non-Japanese printing and is bound to the Japan-only set checklist.,https://bulbapedia.bulbagarden.net/wiki/Will's_Jynx_(VS_74) | https://bulbapedia.bulbagarden.net/wiki/Pok%C3%A9mon_VS_%28TCG%29 | https://www.pokellector.com/Pokemon-VS-Expansion/,,,https://pub-edb881114340454d8aae56176adec4f2.r2.dev/pokemon/631835.jpg,76599e6e-8c8d-4ec3-a1e5-5dcfa2ba80d2
vs,2001-07-19,ポケモンカード★VS,VS,075/141,unknown,UNKNOWN,jp,イツキのネイティオ,Will's Xatu,artwork,Each exact VS printing has a card-level physical release history with no non-Japanese printing and is bound to the Japan-only set checklist.,https://bulbapedia.bulbagarden.net/wiki/Will's_Xatu_(VS_75) | https://bulbapedia.bulbagarden.net/wiki/Pok%C3%A9mon_VS_%28TCG%29 | https://www.pokellector.com/Pokemon-VS-Expansion/,,,https://pub-edb881114340454d8aae56176adec4f2.r2.dev/pokemon/631838.jpg,db864fac-24be-411c-bbff-3c2e91dceb56
vs,2001-07-19,ポケモンカード★VS,VS,076/141,unknown,UNKNOWN,jp,イツキのエーフィ,Will's Espeon,artwork,Each exact VS printing has a card-level physical release history with no non-Japanese printing and is bound to the Japan-only set checklist.,https://bulbapedia.bulbagarden.net/wiki/Will's_Espeon_(VS_76) | https://bulbapedia.bulbagarden.net/wiki/Pok%C3%A9mon_VS_%28TCG%29 | https://www.pokellector.com/Pokemon-VS-Expansion/,,,https://pub-edb881114340454d8aae56176adec4f2.r2.dev/pokemon/631841.jpg,734d8001-60b5-4630-bed9-d7835214b1e4
vs,2001-07-19,ポケモンカード★VS,VS,077/141,unknown,UNKNOWN,jp,イツキのヤドキング,Will's Slowking,artwork,Each exact VS printing has a card-level physical release history with no non-Japanese printing and is bound to the Japan-only set checklist.,https://bulbapedia.bulbagarden.net/wiki/Will's_Slowking_(VS_77) | https://bulbapedia.bulbagarden.net/wiki/Pok%C3%A9mon_VS_%28TCG%29 | https://www.pokellector.com/Pokemon-VS-Expansion/,,,https://pub-edb881114340454d8aae56176adec4f2.r2.dev/pokemon/658356.jpg,757da8ed-763d-4cc4-8792-6d3849fd6bd3
vs,2001-07-19,ポケモンカード★VS,VS,079/141,unknown,UNKNOWN,jp,キョウのクロバット,Koga's Crobat,artwork,Each exact VS printing has a card-level physical release history with no non-Japanese printing and is bound to the Japan-only set checklist.,https://bulbapedia.bulbagarden.net/wiki/Koga's_Crobat_(VS_79) | https://bulbapedia.bulbagarden.net/wiki/Pok%C3%A9mon_VS_%28TCG%29 | https://www.pokellector.com/Pokemon-VS-Expansion/,,,https://pub-edb881114340454d8aae56176adec4f2.r2.dev/pokemon/631846.jpg,03a03bec-dd71-472c-96f5-14dfdc098862
vs,2001-07-19,ポケモンカード★VS,VS,080/141,unknown,UNKNOWN,jp,キョウのフォレトス,Koga's Forretress,artwork,Each exact VS printing has a card-level physical release history with no non-Japanese printing and is bound to the Japan-only set checklist.,https://bulbapedia.bulbagarden.net/wiki/Koga's_Forretress_(VS_80) | https://bulbapedia.bulbagarden.net/wiki/Pok%C3%A9mon_VS_%28TCG%29 | https://www.pokellector.com/Pokemon-VS-Expansion/,,,https://pub-edb881114340454d8aae56176adec4f2.r2.dev/pokemon/631848.jpg,9587a743-2732-49fc-ab46-101aaf53e4dc
vs,2001-07-19,ポケモンカード★VS,VS,081/141,unknown,UNKNOWN,jp,シバのカイリキー,Bruno's Machamp,artwork,Each exact VS printing has a card-level physical release history with no non-Japanese printing and is bound to the Japan-only set checklist.,https://bulbapedia.bulbagarden.net/wiki/Bruno's_Machamp_(VS_81) | https://bulbapedia.bulbagarden.net/wiki/Pok%C3%A9mon_VS_%28TCG%29 | https://www.pokellector.com/Pokemon-VS-Expansion/,,,https://pub-edb881114340454d8aae56176adec4f2.r2.dev/pokemon/631850.jpg,3fe2cc13-e14c-4221-b683-226ebdb1d9bc
vs,2001-07-19,ポケモンカード★VS,VS,082/141,unknown,UNKNOWN,jp,シバのサワムラー,Bruno's Hitmonlee,artwork,Each exact VS printing has a card-level physical release history with no non-Japanese printing and is bound to the Japan-only set checklist.,https://bulbapedia.bulbagarden.net/wiki/Bruno's_Hitmonlee_(VS_82) | https://bulbapedia.bulbagarden.net/wiki/Pok%C3%A9mon_VS_%28TCG%29 | https://www.pokellector.com/Pokemon-VS-Expansion/,,,https://pub-edb881114340454d8aae56176adec4f2.r2.dev/pokemon/631853.jpg,860cb169-03db-4221-9be8-823b98937b25
vs,2001-07-19,ポケモンカード★VS,VS,084/141,first,"キラ,1ED",jp,シバのハガネール,Bruno's Steelix,artwork,Each exact VS printing has a card-level physical release history with no non-Japanese printing and is bound to the Japan-only set checklist.,https://bulbapedia.bulbagarden.net/wiki/Bruno's_Steelix_(VS_84) | https://bulbapedia.bulbagarden.net/wiki/Pok%C3%A9mon_VS_%28TCG%29 | https://www.pokellector.com/Pokemon-VS-Expansion/,,,https://pub-edb881114340454d8aae56176adec4f2.r2.dev/pokemon/631858.jpg,66da52e1-9f89-4a8b-bb48-85bbd9a08cc2
vs,2001-07-19,ポケモンカード★VS,VS,085/141,unknown,UNKNOWN,jp,シバのリングマ,Bruno's Ursaring,artwork,Each exact VS printing has a card-level physical release history with no non-Japanese printing and is bound to the Japan-only set checklist.,https://bulbapedia.bulbagarden.net/wiki/Bruno's_Ursaring_(VS_85) | https://bulbapedia.bulbagarden.net/wiki/Pok%C3%A9mon_VS_%28TCG%29 | https://www.pokellector.com/Pokemon-VS-Expansion/,,,https://pub-edb881114340454d8aae56176adec4f2.r2.dev/pokemon/631859.jpg,821b544a-cd4c-4a2b-885c-25a54f7ec95c
vs,2001-07-19,ポケモンカード★VS,VS,086/141,unknown,UNKNOWN,jp,シバのカポエラー,Bruno's Hitmontop,artwork,Each exact VS printing has a card-level physical release history with no non-Japanese printing and is bound to the Japan-only set checklist.,https://bulbapedia.bulbagarden.net/wiki/Bruno's_Hitmontop_(VS_86) | https://bulbapedia.bulbagarden.net/wiki/Pok%C3%A9mon_VS_%28TCG%29 | https://www.pokellector.com/Pokemon-VS-Expansion/,,,https://pub-edb881114340454d8aae56176adec4f2.r2.dev/pokemon/631867.jpg,7f1b80d1-8801-4cb7-81ad-b67c85bba469
vs,2001-07-19,ポケモンカード★VS,VS,088/141,unknown,UNKNOWN,jp,カリンのブーバー,Karen's Magmar,artwork,Each exact VS printing has a card-level physical release history with no non-Japanese printing and is bound to the Japan-only set checklist.,https://bulbapedia.bulbagarden.net/wiki/Karen's_Magmar_(VS_88) | https://bulbapedia.bulbagarden.net/wiki/Pok%C3%A9mon_VS_%28TCG%29 | https://www.pokellector.com/Pokemon-VS-Expansion/,,,https://pub-edb881114340454d8aae56176adec4f2.r2.dev/pokemon/631874.jpg,52acc2d0-c162-411e-a394-6c7c9317a232
vs,2001-07-19,ポケモンカード★VS,VS,089/141,unknown,UNKNOWN,jp,カリンのブースター,Karen's Flareon,artwork,Each exact VS printing has a card-level physical release history with no non-Japanese printing and is bound to the Japan-only set checklist.,https://bulbapedia.bulbagarden.net/wiki/Karen's_Flareon_(VS_89) | https://bulbapedia.bulbagarden.net/wiki/Pok%C3%A9mon_VS_%28TCG%29 | https://www.pokellector.com/Pokemon-VS-Expansion/,,,https://pub-edb881114340454d8aae56176adec4f2.r2.dev/pokemon/631877.jpg,61da7c5f-b8e3-4b9e-bd94-2b072bf5941a
vs,2001-07-19,ポケモンカード★VS,VS,090/141,first,1ED,jp,カリンのバンギラス,Karen's Tyranitar,artwork,Each exact VS printing has a card-level physical release history with no non-Japanese printing and is bound to the Japan-only set checklist.,https://bulbapedia.bulbagarden.net/wiki/Karen's_Tyranitar_(VS_90) | https://bulbapedia.bulbagarden.net/wiki/Pok%C3%A9mon_VS_%28TCG%29 | https://www.pokellector.com/Pokemon-VS-Expansion/,,,https://pub-edb881114340454d8aae56176adec4f2.r2.dev/pokemon/628138.jpg,7398019c-c262-4e35-a96a-becc176325ec
vs,2001-07-19,ポケモンカード★VS,VS,091/141,first,1ED,jp,カリンのブラッキー,Karen's Umbreon,artwork,Each exact VS printing has a card-level physical release history with no non-Japanese printing and is bound to the Japan-only set checklist.,https://bulbapedia.bulbagarden.net/wiki/Karen's_Umbreon_(VS_91) | https://bulbapedia.bulbagarden.net/wiki/Pok%C3%A9mon_VS_%28TCG%29 | https://www.pokellector.com/Pokemon-VS-Expansion/,,,https://pub-edb881114340454d8aae56176adec4f2.r2.dev/pokemon/631878.jpg,9c68c3f0-fc14-4e90-a670-0d631910c7e5
vs,2001-07-19,ポケモンカード★VS,VS,092/141,first,1ED,jp,カリンのヘルガー,Karen's Houndoom,artwork,Each exact VS printing has a card-level physical release history with no non-Japanese printing and is bound to the Japan-only set checklist.,https://bulbapedia.bulbagarden.net/wiki/Karen's_Houndoom_(VS_92) | https://bulbapedia.bulbagarden.net/wiki/Pok%C3%A9mon_VS_%28TCG%29 | https://www.pokellector.com/Pokemon-VS-Expansion/,,,https://pub-edb881114340454d8aae56176adec4f2.r2.dev/pokemon/631879.jpg,03b2bfba-7437-4cda-b858-4406dc5706b9
vs,2001-07-19,ポケモンカード★VS,VS,093/141,unknown,キラ,jp,R団のソーナンス,Rocket's Wobbuffet,artwork,Each exact VS printing has a card-level physical release history with no non-Japanese printing and is bound to the Japan-only set checklist.,https://bulbapedia.bulbagarden.net/wiki/Rocket's_Wobbuffet_(VS_93) | https://bulbapedia.bulbagarden.net/wiki/Pok%C3%A9mon_VS_%28TCG%29 | https://www.pokellector.com/Pokemon-VS-Expansion/,,,https://pub-edb881114340454d8aae56176adec4f2.r2.dev/pokemon/631881.jpg,2c247d53-511d-49d2-851a-fa2227c8b707
vs,2001-07-19,ポケモンカード★VS,VS,094/141,unknown,キラ,jp,R団のライコウ,Rocket's Raikou,artwork,Each exact VS printing has a card-level physical release history with no non-Japanese printing and is bound to the Japan-only set checklist.,https://bulbapedia.bulbagarden.net/wiki/Rocket's_Raikou_(VS_94) | https://bulbapedia.bulbagarden.net/wiki/Pok%C3%A9mon_VS_%28TCG%29 | https://www.pokellector.com/Pokemon-VS-Expansion/,,,https://pub-edb881114340454d8aae56176adec4f2.r2.dev/pokemon/631883.jpg,ec0a418f-ebd5-4abd-b804-c317863ce86c
vs,2001-07-19,ポケモンカード★VS,VS,095/141,first,1ED,jp,R団のエンテイ,Rocket's Entei,artwork,Each exact VS printing has a card-level physical release history with no non-Japanese printing and is bound to the Japan-only set checklist.,https://bulbapedia.bulbagarden.net/wiki/Rocket's_Entei_(VS_95) | https://bulbapedia.bulbagarden.net/wiki/Pok%C3%A9mon_VS_%28TCG%29 | https://www.pokellector.com/Pokemon-VS-Expansion/,,,https://pub-edb881114340454d8aae56176adec4f2.r2.dev/pokemon/631897.jpg,5bc62df3-46ff-4886-8408-54e2058058e9
vs,2001-07-19,ポケモンカード★VS,VS,096/141,unknown,キラ,jp,R団のスイクン,Rocket's Suicune,artwork,Each exact VS printing has a card-level physical release history with no non-Japanese printing and is bound to the Japan-only set checklist.,https://bulbapedia.bulbagarden.net/wiki/Rocket's_Suicune_(VS_96) | https://bulbapedia.bulbagarden.net/wiki/Pok%C3%A9mon_VS_%28TCG%29 | https://www.pokellector.com/Pokemon-VS-Expansion/,,,https://pub-edb881114340454d8aae56176adec4f2.r2.dev/pokemon/631898.jpg,dc650db4-bc82-4f53-bb4b-61d46d461a96
vs,2001-07-19,ポケモンカード★VS,VS,097/141,first,1ED,jp,ワタルのリザードン,Lance's Charizard,artwork,Each exact VS printing has a card-level physical release history with no non-Japanese printing and is bound to the Japan-only set checklist.,https://bulbapedia.bulbagarden.net/wiki/Lance's_Charizard_(VS_97) | https://bulbapedia.bulbagarden.net/wiki/Pok%C3%A9mon_VS_%28TCG%29 | https://www.pokellector.com/Pokemon-VS-Expansion/,,,https://pub-edb881114340454d8aae56176adec4f2.r2.dev/pokemon/631899.jpg,bca5cb2d-fe27-4c95-9f42-fdcab5cdbcf3
vs,2001-07-19,ポケモンカード★VS,VS,098/141,unknown,UNKNOWN,jp,ワタルのギャラドス,Lance's Gyarados,artwork,Each exact VS printing has a card-level physical release history with no non-Japanese printing and is bound to the Japan-only set checklist.,https://bulbapedia.bulbagarden.net/wiki/Lance's_Gyarados_(VS_98) | https://bulbapedia.bulbagarden.net/wiki/Pok%C3%A9mon_VS_%28TCG%29 | https://www.pokellector.com/Pokemon-VS-Expansion/,,,https://pub-edb881114340454d8aae56176adec4f2.r2.dev/pokemon/631900.jpg,77f8d52c-f640-4633-8ad2-a666325eeaf7
vs,2001-07-19,ポケモンカード★VS,VS,099/141,unknown,UNKNOWN,jp,ワタルのプテラ,Lance's Aerodactyl,artwork,Each exact VS printing has a card-level physical release history with no non-Japanese printing and is bound to the Japan-only set checklist.,https://bulbapedia.bulbagarden.net/wiki/Lance's_Aerodactyl_(VS_99) | https://bulbapedia.bulbagarden.net/wiki/Pok%C3%A9mon_VS_%28TCG%29 | https://www.pokellector.com/Pokemon-VS-Expansion/,,,https://pub-edb881114340454d8aae56176adec4f2.r2.dev/pokemon/631901.jpg,32564de8-7b6c-46b0-b2e2-ce33bc258a0c
vs,2001-07-19,ポケモンカード★VS,VS,100/141,first,1ED,jp,ワタルのカイリュー,Lance's Dragonite,artwork,Each exact VS printing has a card-level physical release history with no non-Japanese printing and is bound to the Japan-only set checklist.,https://bulbapedia.bulbagarden.net/wiki/Lance's_Dragonite_(VS_100) | https://bulbapedia.bulbagarden.net/wiki/Pok%C3%A9mon_VS_%28TCG%29 | https://www.pokellector.com/Pokemon-VS-Expansion/,,,https://pub-edb881114340454d8aae56176adec4f2.r2.dev/pokemon/631902.jpg,59733275-a84b-465c-be9f-afb379f40157
vs,2001-07-19,ポケモンカード★VS,VS,101/141,unknown,UNKNOWN,jp,ワタルのデンリュウ,Lance's Ampharos,artwork,Each exact VS printing has a card-level physical release history with no non-Japanese printing and is bound to the Japan-only set checklist.,https://bulbapedia.bulbagarden.net/wiki/Lance's_Ampharos_(VS_101) | https://bulbapedia.bulbagarden.net/wiki/Pok%C3%A9mon_VS_%28TCG%29 | https://www.pokellector.com/Pokemon-VS-Expansion/,,,https://pub-edb881114340454d8aae56176adec4f2.r2.dev/pokemon/631903.jpg,bf6d62e8-3329-4af2-88aa-204d2df7c538
vs,2001-07-19,ポケモンカード★VS,VS,102/141,unknown,UNKNOWN,jp,ワタルのキングドラ,Lance's Kingdra,artwork,Each exact VS printing has a card-level physical release history with no non-Japanese printing and is bound to the Japan-only set checklist.,https://bulbapedia.bulbagarden.net/wiki/Lance's_Kingdra_(VS_102) | https://bulbapedia.bulbagarden.net/wiki/Pok%C3%A9mon_VS_%28TCG%29 | https://www.pokellector.com/Pokemon-VS-Expansion/,,,https://pub-edb881114340454d8aae56176adec4f2.r2.dev/pokemon/631904.jpg,fcff6b79-6209-464e-9fa6-459f4d4c98a3
vs,2001-07-19,ポケモンカード★VS,VS,103/141,unknown,UNKNOWN,jp,ハヤトのワザマシン01,Falkner's Technical Machine 01,artwork,Each exact VS printing has a card-level physical release history with no non-Japanese printing and is bound to the Japan-only set checklist.,https://bulbapedia.bulbagarden.net/wiki/Falkner's_TM_01_(VS_103) | https://bulbapedia.bulbagarden.net/wiki/Pok%C3%A9mon_VS_%28TCG%29 | https://www.pokellector.com/Pokemon-VS-Expansion/,,,https://pub-edb881114340454d8aae56176adec4f2.r2.dev/pokemon/artofpkm/54124010-103c-4196-8f10-b2a213c429d6.jpg,54124010-103c-4196-8f10-b2a213c429d6
vs,2001-07-19,ポケモンカード★VS,VS,104/141,unknown,UNKNOWN,jp,ハヤトのワザマシン02,Falkner's Technical Machine 02,artwork,Each exact VS printing has a card-level physical release history with no non-Japanese printing and is bound to the Japan-only set checklist.,https://bulbapedia.bulbagarden.net/wiki/Falkner's_TM_02_(VS_104) | https://bulbapedia.bulbagarden.net/wiki/Pok%C3%A9mon_VS_%28TCG%29 | https://www.pokellector.com/Pokemon-VS-Expansion/,,,https://pub-edb881114340454d8aae56176adec4f2.r2.dev/pokemon/artofpkm/94991557-49ea-4251-ade3-7106e7db64fa.jpg,94991557-49ea-4251-ade3-7106e7db64fa
vs,2001-07-19,ポケモンカード★VS,VS,105/141,unknown,UNKNOWN,jp,ツクシのワザマシン01,Bugsy's Technical Machine 01,artwork,Each exact VS printing has a card-level physical release history with no non-Japanese printing and is bound to the Japan-only set checklist.,https://bulbapedia.bulbagarden.net/wiki/Bugsy's_TM_01_(VS_105) | https://bulbapedia.bulbagarden.net/wiki/Pok%C3%A9mon_VS_%28TCG%29 | https://www.pokellector.com/Pokemon-VS-Expansion/,,,https://pub-edb881114340454d8aae56176adec4f2.r2.dev/pokemon/artofpkm/7fd94c03-de56-4cc3-86d0-5cc2412b705b.jpg,7fd94c03-de56-4cc3-86d0-5cc2412b705b
vs,2001-07-19,ポケモンカード★VS,VS,106/141,unknown,UNKNOWN,jp,ツクシのワザマシン02,Bugsy's Technical Machine 02,artwork,Each exact VS printing has a card-level physical release history with no non-Japanese printing and is bound to the Japan-only set checklist.,https://bulbapedia.bulbagarden.net/wiki/Bugsy's_TM_02_(VS_106) | https://bulbapedia.bulbagarden.net/wiki/Pok%C3%A9mon_VS_%28TCG%29 | https://www.pokellector.com/Pokemon-VS-Expansion/,,,https://pub-edb881114340454d8aae56176adec4f2.r2.dev/pokemon/artofpkm/2c7e0193-86be-4a94-8939-10b755dc8c25.jpg,2c7e0193-86be-4a94-8939-10b755dc8c25
vs,2001-07-19,ポケモンカード★VS,VS,107/141,unknown,UNKNOWN,jp,アカネのワザマシン01,Whitney's Technical Machine 01,artwork,Each exact VS printing has a card-level physical release history with no non-Japanese printing and is bound to the Japan-only set checklist.,https://bulbapedia.bulbagarden.net/wiki/Whitney's_TM_01_(VS_107) | https://bulbapedia.bulbagarden.net/wiki/Pok%C3%A9mon_VS_%28TCG%29 | https://www.pokellector.com/Pokemon-VS-Expansion/,,,https://pub-edb881114340454d8aae56176adec4f2.r2.dev/pokemon/artofpkm/a92759a7-c56b-4b36-bbc4-e094fe11d69d.jpg,a92759a7-c56b-4b36-bbc4-e094fe11d69d
vs,2001-07-19,ポケモンカード★VS,VS,108/141,unknown,UNKNOWN,jp,アカネのワザマシン02,Whitney's Technical Machine 02,artwork,Each exact VS printing has a card-level physical release history with no non-Japanese printing and is bound to the Japan-only set checklist.,https://bulbapedia.bulbagarden.net/wiki/Whitney's_TM_02_(VS_108) | https://bulbapedia.bulbagarden.net/wiki/Pok%C3%A9mon_VS_%28TCG%29 | https://www.pokellector.com/Pokemon-VS-Expansion/,,,https://pub-edb881114340454d8aae56176adec4f2.r2.dev/pokemon/artofpkm/83c89a55-8c0b-49ca-acab-bf2f76090297.jpg,83c89a55-8c0b-49ca-acab-bf2f76090297
vs,2001-07-19,ポケモンカード★VS,VS,109/141,unknown,UNKNOWN,jp,マツバのワザマシン01,Morty's Technical Machine 01,artwork,Each exact VS printing has a card-level physical release history with no non-Japanese printing and is bound to the Japan-only set checklist.,https://bulbapedia.bulbagarden.net/wiki/Morty's_TM_01_(VS_109) | https://bulbapedia.bulbagarden.net/wiki/Pok%C3%A9mon_VS_%28TCG%29 | https://www.pokellector.com/Pokemon-VS-Expansion/,,,https://pub-edb881114340454d8aae56176adec4f2.r2.dev/pokemon/artofpkm/5ca18441-2921-4995-b2a1-36eca8b59514.jpg,5ca18441-2921-4995-b2a1-36eca8b59514
vs,2001-07-19,ポケモンカード★VS,VS,110/141,unknown,UNKNOWN,jp,マツバのワザマシン02,Morty's Technical Machine 02,artwork,Each exact VS printing has a card-level physical release history with no non-Japanese printing and is bound to the Japan-only set checklist.,https://bulbapedia.bulbagarden.net/wiki/Morty's_TM_02_(VS_110) | https://bulbapedia.bulbagarden.net/wiki/Pok%C3%A9mon_VS_%28TCG%29 | https://www.pokellector.com/Pokemon-VS-Expansion/,,,https://pub-edb881114340454d8aae56176adec4f2.r2.dev/pokemon/artofpkm/4b59adb0-11a5-4d18-93e4-192d66402e84.jpg,4b59adb0-11a5-4d18-93e4-192d66402e84
vs,2001-07-19,ポケモンカード★VS,VS,111/141,unknown,UNKNOWN,jp,ミカンのワザマシン01,Jasmine's Technical Machine 01,artwork,Each exact VS printing has a card-level physical release history with no non-Japanese printing and is bound to the Japan-only set checklist.,https://bulbapedia.bulbagarden.net/wiki/Jasmine's_TM_01_(VS_111) | https://bulbapedia.bulbagarden.net/wiki/Pok%C3%A9mon_VS_%28TCG%29 | https://www.pokellector.com/Pokemon-VS-Expansion/,,,https://pub-edb881114340454d8aae56176adec4f2.r2.dev/pokemon/artofpkm/3f48e434-7882-4c3c-9678-f53393ed417f.jpg,3f48e434-7882-4c3c-9678-f53393ed417f
vs,2001-07-19,ポケモンカード★VS,VS,112/141,unknown,UNKNOWN,jp,ミカンのワザマシン02,Jasmine's Technical Machine 02,artwork,Each exact VS printing has a card-level physical release history with no non-Japanese printing and is bound to the Japan-only set checklist.,https://bulbapedia.bulbagarden.net/wiki/Jasmine's_TM_02_(VS_112) | https://bulbapedia.bulbagarden.net/wiki/Pok%C3%A9mon_VS_%28TCG%29 | https://www.pokellector.com/Pokemon-VS-Expansion/,,,https://pub-edb881114340454d8aae56176adec4f2.r2.dev/pokemon/artofpkm/afd4ad37-070c-4c85-952a-42ef2245a23e.jpg,afd4ad37-070c-4c85-952a-42ef2245a23e
vs,2001-07-19,ポケモンカード★VS,VS,113/141,unknown,UNKNOWN,jp,シジマのワザマシン01,Chuck's Technical Machine 01,artwork,Each exact VS printing has a card-level physical release history with no non-Japanese printing and is bound to the Japan-only set checklist.,https://bulbapedia.bulbagarden.net/wiki/Chuck's_TM_01_(VS_113) | https://bulbapedia.bulbagarden.net/wiki/Pok%C3%A9mon_VS_%28TCG%29 | https://www.pokellector.com/Pokemon-VS-Expansion/,,,https://pub-edb881114340454d8aae56176adec4f2.r2.dev/pokemon/artofpkm/e1f7c1e3-0f03-4442-8464-3a35c015626d.jpg,e1f7c1e3-0f03-4442-8464-3a35c015626d
vs,2001-07-19,ポケモンカード★VS,VS,114/141,unknown,UNKNOWN,jp,シジマのワザマシン02,Chuck's Technical Machine 02,artwork,Each exact VS printing has a card-level physical release history with no non-Japanese printing and is bound to the Japan-only set checklist.,https://bulbapedia.bulbagarden.net/wiki/Chuck's_TM_02_(VS_114) | https://bulbapedia.bulbagarden.net/wiki/Pok%C3%A9mon_VS_%28TCG%29 | https://www.pokellector.com/Pokemon-VS-Expansion/,,,https://pub-edb881114340454d8aae56176adec4f2.r2.dev/pokemon/artofpkm/0052595a-580e-4416-bb0a-27cf5d2be791.jpg,0052595a-580e-4416-bb0a-27cf5d2be791
vs,2001-07-19,ポケモンカード★VS,VS,115/141,unknown,UNKNOWN,jp,ヤナギのワザマシン01,Pryce's Technical Machine 01,artwork,Each exact VS printing has a card-level physical release history with no non-Japanese printing and is bound to the Japan-only set checklist.,https://bulbapedia.bulbagarden.net/wiki/Pryce's_TM_01_(VS_115) | https://bulbapedia.bulbagarden.net/wiki/Pok%C3%A9mon_VS_%28TCG%29 | https://www.pokellector.com/Pokemon-VS-Expansion/,,,https://pub-edb881114340454d8aae56176adec4f2.r2.dev/pokemon/artofpkm/177dcbf9-0665-42f4-9695-d8af22f42468.jpg,177dcbf9-0665-42f4-9695-d8af22f42468
vs,2001-07-19,ポケモンカード★VS,VS,116/141,unknown,UNKNOWN,jp,ヤナギのワザマシン02,Pryce's Technical Machine 02,artwork,Each exact VS printing has a card-level physical release history with no non-Japanese printing and is bound to the Japan-only set checklist.,https://bulbapedia.bulbagarden.net/wiki/Pryce's_TM_02_(VS_116) | https://bulbapedia.bulbagarden.net/wiki/Pok%C3%A9mon_VS_%28TCG%29 | https://www.pokellector.com/Pokemon-VS-Expansion/,,,https://pub-edb881114340454d8aae56176adec4f2.r2.dev/pokemon/artofpkm/27aa13fc-bbff-445f-a98f-0e5e5aaf6305.jpg,27aa13fc-bbff-445f-a98f-0e5e5aaf6305
vs,2001-07-19,ポケモンカード★VS,VS,117/141,unknown,UNKNOWN,jp,イブキのワザマシン01,Clair's Technical Machine 01,artwork,Each exact VS printing has a card-level physical release history with no non-Japanese printing and is bound to the Japan-only set checklist.,https://bulbapedia.bulbagarden.net/wiki/Clair's_TM_01_(VS_117) | https://bulbapedia.bulbagarden.net/wiki/Pok%C3%A9mon_VS_%28TCG%29 | https://www.pokellector.com/Pokemon-VS-Expansion/,,,https://pub-edb881114340454d8aae56176adec4f2.r2.dev/pokemon/artofpkm/17bed9ac-a7f3-4770-aaf3-9f6c34185215.jpg,17bed9ac-a7f3-4770-aaf3-9f6c34185215
vs,2001-07-19,ポケモンカード★VS,VS,118/141,unknown,UNKNOWN,jp,イブキのワザマシン02,Clair's Technical Machine 02,artwork,Each exact VS printing has a card-level physical release history with no non-Japanese printing and is bound to the Japan-only set checklist.,https://bulbapedia.bulbagarden.net/wiki/Clair's_TM_02_(VS_118) | https://bulbapedia.bulbagarden.net/wiki/Pok%C3%A9mon_VS_%28TCG%29 | https://www.pokellector.com/Pokemon-VS-Expansion/,,,https://pub-edb881114340454d8aae56176adec4f2.r2.dev/pokemon/artofpkm/477dea15-7b42-4a10-8360-0a3db1711692.jpg,477dea15-7b42-4a10-8360-0a3db1711692
vs,2001-07-19,ポケモンカード★VS,VS,119/141,unknown,UNKNOWN,jp,アンズのワザマシン01,Janine's Technical Machine 01,artwork,Each exact VS printing has a card-level physical release history with no non-Japanese printing and is bound to the Japan-only set checklist.,https://bulbapedia.bulbagarden.net/wiki/Janine's_TM_01_(VS_119) | https://bulbapedia.bulbagarden.net/wiki/Pok%C3%A9mon_VS_%28TCG%29 | https://www.pokellector.com/Pokemon-VS-Expansion/,,,https://pub-edb881114340454d8aae56176adec4f2.r2.dev/pokemon/artofpkm/34c6d6da-82a2-4a19-af6b-98e48685e526.jpg,34c6d6da-82a2-4a19-af6b-98e48685e526
vs,2001-07-19,ポケモンカード★VS,VS,120/141,unknown,UNKNOWN,jp,アンズのワザマシン02,Janine's Technical Machine 02,artwork,Each exact VS printing has a card-level physical release history with no non-Japanese printing and is bound to the Japan-only set checklist.,https://bulbapedia.bulbagarden.net/wiki/Janine's_TM_02_(VS_120) | https://bulbapedia.bulbagarden.net/wiki/Pok%C3%A9mon_VS_%28TCG%29 | https://www.pokellector.com/Pokemon-VS-Expansion/,,,https://pub-edb881114340454d8aae56176adec4f2.r2.dev/pokemon/artofpkm/5331ed19-def6-4dd8-8386-c375ac6954b7.jpg,5331ed19-def6-4dd8-8386-c375ac6954b7
vs,2001-07-19,ポケモンカード★VS,VS,121/141,unknown,UNKNOWN,jp,イツキのワザマシン01,Will's Technical Machine 01,artwork,Each exact VS printing has a card-level physical release history with no non-Japanese printing and is bound to the Japan-only set checklist.,https://bulbapedia.bulbagarden.net/wiki/Will's_TM_01_(VS_121) | https://bulbapedia.bulbagarden.net/wiki/Pok%C3%A9mon_VS_%28TCG%29 | https://www.pokellector.com/Pokemon-VS-Expansion/,,,https://pub-edb881114340454d8aae56176adec4f2.r2.dev/pokemon/artofpkm/b1287880-4bc5-47bc-a237-0dbbcf4d5778.jpg,b1287880-4bc5-47bc-a237-0dbbcf4d5778
vs,2001-07-19,ポケモンカード★VS,VS,122/141,unknown,UNKNOWN,jp,イツキのワザマシン02,Will's Technical Machine 02,artwork,Each exact VS printing has a card-level physical release history with no non-Japanese printing and is bound to the Japan-only set checklist.,https://bulbapedia.bulbagarden.net/wiki/Will's_TM_02_(VS_122) | https://bulbapedia.bulbagarden.net/wiki/Pok%C3%A9mon_VS_%28TCG%29 | https://www.pokellector.com/Pokemon-VS-Expansion/,,,https://pub-edb881114340454d8aae56176adec4f2.r2.dev/pokemon/artofpkm/bc2c0445-a3fa-4d10-87db-aa26d6753689.jpg,bc2c0445-a3fa-4d10-87db-aa26d6753689
vs,2001-07-19,ポケモンカード★VS,VS,123/141,unknown,UNKNOWN,jp,シバのワザマシン01,Bruno's Technical Machine 01,artwork,Each exact VS printing has a card-level physical release history with no non-Japanese printing and is bound to the Japan-only set checklist.,https://bulbapedia.bulbagarden.net/wiki/Bruno's_TM_01_(VS_123) | https://bulbapedia.bulbagarden.net/wiki/Pok%C3%A9mon_VS_%28TCG%29 | https://www.pokellector.com/Pokemon-VS-Expansion/,,,https://pub-edb881114340454d8aae56176adec4f2.r2.dev/pokemon/artofpkm/b759aca3-abf7-4d4b-8bb0-794820031bbd.jpg,b759aca3-abf7-4d4b-8bb0-794820031bbd
vs,2001-07-19,ポケモンカード★VS,VS,124/141,unknown,UNKNOWN,jp,シバのワザマシン02,Bruno's Technical Machine 02,artwork,Each exact VS printing has a card-level physical release history with no non-Japanese printing and is bound to the Japan-only set checklist.,https://bulbapedia.bulbagarden.net/wiki/Bruno's_TM_02_(VS_124) | https://bulbapedia.bulbagarden.net/wiki/Pok%C3%A9mon_VS_%28TCG%29 | https://www.pokellector.com/Pokemon-VS-Expansion/,,,https://pub-edb881114340454d8aae56176adec4f2.r2.dev/pokemon/artofpkm/cb18582e-7316-4764-ad73-a23d18c6957a.jpg,cb18582e-7316-4764-ad73-a23d18c6957a
vs,2001-07-19,ポケモンカード★VS,VS,125/141,unknown,UNKNOWN,jp,カリンのワザマシン01,Karen's Technical Machine 01,artwork,Each exact VS printing has a card-level physical release history with no non-Japanese printing and is bound to the Japan-only set checklist.,https://bulbapedia.bulbagarden.net/wiki/Karen's_TM_01_(VS_125) | https://bulbapedia.bulbagarden.net/wiki/Pok%C3%A9mon_VS_%28TCG%29 | https://www.pokellector.com/Pokemon-VS-Expansion/,,,https://pub-edb881114340454d8aae56176adec4f2.r2.dev/pokemon/artofpkm/5570b28c-b037-4782-acf0-a310a7d4d441.jpg,5570b28c-b037-4782-acf0-a310a7d4d441
vs,2001-07-19,ポケモンカード★VS,VS,126/141,unknown,UNKNOWN,jp,カリンのワザマシン02,Karen's Technical Machine 02,artwork,Each exact VS printing has a card-level physical release history with no non-Japanese printing and is bound to the Japan-only set checklist.,https://bulbapedia.bulbagarden.net/wiki/Karen's_TM_02_(VS_126) | https://bulbapedia.bulbagarden.net/wiki/Pok%C3%A9mon_VS_%28TCG%29 | https://www.pokellector.com/Pokemon-VS-Expansion/,,,https://pub-edb881114340454d8aae56176adec4f2.r2.dev/pokemon/artofpkm/18b1a1b7-49c7-418f-a31e-494f6be26f95.jpg,18b1a1b7-49c7-418f-a31e-494f6be26f95
vs,2001-07-19,ポケモンカード★VS,VS,127/141,unknown,UNKNOWN,jp,R団のワザマシン01,Rocket's Technical Machine 01,artwork,Each exact VS printing has a card-level physical release history with no non-Japanese printing and is bound to the Japan-only set checklist.,https://bulbapedia.bulbagarden.net/wiki/Rocket's_TM_01_(VS_127) | https://bulbapedia.bulbagarden.net/wiki/Pok%C3%A9mon_VS_%28TCG%29 | https://www.pokellector.com/Pokemon-VS-Expansion/,,,https://pub-edb881114340454d8aae56176adec4f2.r2.dev/pokemon/artofpkm/47a68705-dc60-4c74-88e5-7ec05302071b.jpg,47a68705-dc60-4c74-88e5-7ec05302071b
vs,2001-07-19,ポケモンカード★VS,VS,128/141,unknown,UNKNOWN,jp,ワタルのワザマシン01,Lance's Technical Machine 01,artwork,Each exact VS printing has a card-level physical release history with no non-Japanese printing and is bound to the Japan-only set checklist.,https://bulbapedia.bulbagarden.net/wiki/Lance's_TM_01_(VS_128) | https://bulbapedia.bulbagarden.net/wiki/Pok%C3%A9mon_VS_%28TCG%29 | https://www.pokellector.com/Pokemon-VS-Expansion/,,,https://pub-edb881114340454d8aae56176adec4f2.r2.dev/pokemon/artofpkm/8dbfd0d0-d57b-4837-af29-95da3c438209.jpg,8dbfd0d0-d57b-4837-af29-95da3c438209
vs,2001-07-19,ポケモンカード★VS,VS,129/141,unknown,UNKNOWN,jp,ワタルのワザマシン02,Lance's Technical Machine 02,artwork,Each exact VS printing has a card-level physical release history with no non-Japanese printing and is bound to the Japan-only set checklist.,https://bulbapedia.bulbagarden.net/wiki/Lance's_TM_02_(VS_129) | https://bulbapedia.bulbagarden.net/wiki/Pok%C3%A9mon_VS_%28TCG%29 | https://www.pokellector.com/Pokemon-VS-Expansion/,,,https://pub-edb881114340454d8aae56176adec4f2.r2.dev/pokemon/artofpkm/b0947342-2eba-4225-9af7-efe92f008c3e.jpg,b0947342-2eba-4225-9af7-efe92f008c3e
vs,2001-07-19,ポケモンカード★VS,VS,142/141,first,1ED,jp,R団のバンギラス,Rocket's Tyranitar,artwork,Each exact VS printing has a card-level physical release history with no non-Japanese printing and is bound to the Japan-only set checklist.,https://bulbapedia.bulbagarden.net/wiki/Rocket's_Tyranitar_(VS_142) | https://bulbapedia.bulbagarden.net/wiki/Pok%C3%A9mon_VS_%28TCG%29 | https://www.pokellector.com/Pokemon-VS-Expansion/,,,https://pub-edb881114340454d8aae56176adec4f2.r2.dev/pokemon/647554.jpg,c8eb2502-d6ac-4b19-8d73-f1eb823e08fb
adv,2003-01-31,ADV Promo,AD-P,036/ADV-P,unknown,UNKNOWN,jp,サトシのキモリ,Ash's Treecko,artwork,Each exact Japanese promo has frozen individual-card evidence showing no official English-language physical printing.,https://bulbapedia.bulbagarden.net/wiki/Ash's_Treecko_(ADV-P_Promo_36) | https://www.tcgplayer.com/product/613589,,,https://pub-edb881114340454d8aae56176adec4f2.r2.dev/pokemon/613589.jpg,8d23755e-f5dc-4eae-96af-b9ba5077560c
adv,2003-01-31,ADV Promo,AD-P,037/ADV-P,unknown,UNKNOWN,jp,ハルカのアチャモ,May's Torchic,artwork,Each exact Japanese promo has frozen individual-card evidence showing no official English-language physical printing.,https://bulbapedia.bulbagarden.net/wiki/May's_Torchic_(ADV-P_Promo_37) | https://www.tcgplayer.com/product/613619,,,https://pub-edb881114340454d8aae56176adec4f2.r2.dev/pokemon/613619.jpg,344fb9ca-cea1-47ce-ac8b-472f59dd4590
adv,2003-01-31,ADV Promo,AD-P,038/ADV-P,unknown,UNKNOWN,jp,タケシのミズゴロウ,Brock's Mudkip,artwork,Each exact Japanese promo has frozen individual-card evidence showing no official English-language physical printing.,https://bulbapedia.bulbagarden.net/wiki/Brock's_Mudkip_(ADV-P_Promo_38) | https://www.tcgplayer.com/product/613592,,,https://pub-edb881114340454d8aae56176adec4f2.r2.dev/pokemon/613592.jpg,a78e0f20-4063-40fe-8e5b-99c7aa05fc3b
adv,2003-01-31,Pokemon Promo,P,001/P,unknown,UNKNOWN,jp,カクレオン,Kecleon,artwork,Each exact Japanese promo has frozen individual-card evidence showing no official English-language physical printing.,https://bulbapedia.bulbagarden.net/wiki/Kecleon_(P_Promo_1) | https://www.tcgplayer.com/product/613711,,,https://pub-edb881114340454d8aae56176adec4f2.r2.dev/pokemon/613711.jpg,13ed8ea7-b79b-40f4-8c0f-0656f53c73d4
adv,2003-01-31,Pokemon Promo,P,004/P,unknown,UNKNOWN,jp,ピカチュウ,Pikachu,artwork,Each exact Japanese promo has frozen individual-card evidence showing no official English-language physical printing.,https://bulbapedia.bulbagarden.net/wiki/Pikachu_(P_Promo_4) | https://www.tcgplayer.com/product/613721,,,https://pub-edb881114340454d8aae56176adec4f2.r2.dev/pokemon/613721.jpg,8aaff206-dfd0-4e2b-a8e7-760c9b678883
adv,2003-01-31,Pokemon Promo,P,005/P,unknown,UNKNOWN,jp,ヨーギラス,Larvitar,artwork,Each exact Japanese promo has frozen individual-card evidence showing no official English-language physical printing.,https://bulbapedia.bulbagarden.net/wiki/Larvitar_(P_Promo_5) | https://www.tcgplayer.com/product/613713,,,https://pub-edb881114340454d8aae56176adec4f2.r2.dev/pokemon/613713.jpg,61f97786-cda7-403d-9073-51c78382f2c4
adv,2003-01-31,Pokemon Promo,P,007/P,unknown,UNKNOWN,jp,セレビィ,Celebi,artwork,007/P uses the Japanese Pokémon Card Trainers Vol. 10 Celebi composition not used for the international promo.,https://bulbapedia.bulbagarden.net/wiki/Celebi_%28%22P%22_Promo_7%29 | https://pokumon.com/card/celebi-007-p-japanese-promo/,,,https://pub-edb881114340454d8aae56176adec4f2.r2.dev/pokemon/643721.jpg,5715c3da-ea88-4c87-86ff-6d0ce825b160
adv,2003-01-31,Pokemon Promo,P,018/P,unknown,キラ,jp,ひかるイマクニ?,Shining Imakuni?,artwork,Each exact Japanese promo has frozen individual-card evidence showing no official English-language physical printing.,https://bulbapedia.bulbagarden.net/wiki/Shining_Imakuni%3F_(P_Promo_18) | https://www.tcgplayer.com/product/613731,,,https://pub-edb881114340454d8aae56176adec4f2.r2.dev/pokemon/613731.jpg,42d52f1f-0135-4617-84b1-41e116e17bf9
adv,2003-01-31,Pokemon Promo,P,019/P,unknown,UNKNOWN,jp,ポケモンセンター トウキョー,Pokemon Center Tokyo,artwork,Each exact Japanese promo has frozen individual-card evidence showing no official English-language physical printing.,https://bulbapedia.bulbagarden.net/wiki/Pok%C3%A9mon_Center_Tokyo_(P_Promo_19) | https://www.tcgplayer.com/product/613726,,,https://pub-edb881114340454d8aae56176adec4f2.r2.dev/pokemon/613726.jpg,620c6da4-8a59-4ead-8524-7649685fef44
adv,2003-01-31,Pokemon Promo,P,020/P,unknown,UNKNOWN,jp,ポケモンセンター オーサカ,Pokemon Center Osaka,artwork,Each exact Japanese promo has frozen individual-card evidence showing no official English-language physical printing.,https://bulbapedia.bulbagarden.net/wiki/Pok%C3%A9mon_Center_Osaka_(P_Promo_20) | https://www.tcgplayer.com/product/613725,,,https://pub-edb881114340454d8aae56176adec4f2.r2.dev/pokemon/613725.jpg,27fd63fc-2cf4-4f20-b017-3051236558f1
adv,2003-01-31,Pokemon Promo,P,028/P,unknown,カードe,jp,ピチュー兄弟,Pichu Bros.,artwork,Each exact Japanese promo has frozen individual-card evidence showing no official English-language physical printing.,https://bulbapedia.bulbagarden.net/wiki/Pichu_Bros._(P_Promo_28) | https://www.tcgplayer.com/product/613720,,,https://pub-edb881114340454d8aae56176adec4f2.r2.dev/pokemon/613720.jpg,f348c843-0668-4eac-9937-ca5cfa03c89a
adv,2003-01-31,Pokemon Promo,P,038/P,unknown,UNKNOWN,jp,ピカチュウ,Pikachu,artwork,Each exact Japanese promo has frozen individual-card evidence showing no official English-language physical printing.,https://bulbapedia.bulbagarden.net/wiki/Pikachu_(P_Promo_38) | https://www.tcgplayer.com/product/613723,,,https://pub-edb881114340454d8aae56176adec4f2.r2.dev/pokemon/613723.jpg,ff10801c-5755-4af8-a5a8-786055bd7e3c
adv,2003-01-31,Pokemon Promo,P,042/P,unknown,UNKNOWN,jp,セレビィ,Celebi,artwork,Each exact Japanese promo has frozen individual-card evidence showing no official English-language physical printing.,https://bulbapedia.bulbagarden.net/wiki/Celebi_(P_Promo_42) | https://www.tcgplayer.com/product/613702,,,https://pub-edb881114340454d8aae56176adec4f2.r2.dev/pokemon/613702.jpg,1b3bd72c-f7a2-4d69-bf1b-97f34586514e
adv,2003-01-31,Pokemon Promo,P,043/P,unknown,UNKNOWN,jp,エンテイ,Entei,artwork,Each exact Japanese promo has frozen individual-card evidence showing no official English-language physical printing.,https://bulbapedia.bulbagarden.net/wiki/Entei_(P_Promo_43) | https://www.tcgplayer.com/product/613706,,,https://pub-edb881114340454d8aae56176adec4f2.r2.dev/pokemon/613706.jpg,4a2dfe09-1009-4050-a030-02094c21200c
adv,2003-01-31,Pokemon Promo,P,045/P,unknown,UNKNOWN,jp,ピチュー,Pichu,artwork,Each exact Japanese promo has frozen individual-card evidence showing no official English-language physical printing.,https://bulbapedia.bulbagarden.net/wiki/Pichu_(P_Promo_45) | https://www.tcgplayer.com/product/613719,,,https://pub-edb881114340454d8aae56176adec4f2.r2.dev/pokemon/613719.jpg,7bdedf34-bd0f-4018-8d36-2e92b53d5161
adv,2003-01-31,Pokemon Promo,P,046/P,unknown,UNKNOWN,jp,ミュウツー,Mewtwo,artwork,Each exact Japanese promo has frozen individual-card evidence showing no official English-language physical printing.,https://bulbapedia.bulbagarden.net/wiki/Mewtwo_(P_Promo_46) | https://www.tcgplayer.com/product/613717,,,https://pub-edb881114340454d8aae56176adec4f2.r2.dev/pokemon/613717.jpg,ff4b1e22-66c4-4f55-af11-45dc86bc8783
adv,2003-01-31,Pokemon Promo,P,047/P,unknown,UNKNOWN,jp,ルギア,Lugia,artwork,Each exact Japanese promo has frozen individual-card evidence showing no official English-language physical printing.,https://bulbapedia.bulbagarden.net/wiki/Lugia_(P_Promo_47) | https://www.tcgplayer.com/product/613714,,,https://pub-edb881114340454d8aae56176adec4f2.r2.dev/pokemon/613714.jpg,a62441dd-3e11-480b-b72f-1ea340191261
ex,2004-04-09,PCG Promo,P-P,018/PCG-P,not_applicable,UNKNOWN,jp,裂空のデオキシス,Sky-Splitting Deoxys,artwork,Each exact Japanese promo has frozen individual-card evidence showing no official English-language physical printing.,https://bulbapedia.bulbagarden.net/wiki/Sky-Splitting_Deoxys_(PCG-P_Promo_18) | https://www.tcgplayer.com/product/613515,,,https://pub-edb881114340454d8aae56176adec4f2.r2.dev/pokemon/613515.jpg,d12757d0-1092-4a09-932f-38d3c88359cf
ex,2004-04-09,PCG Promo,P-P,024/PCG-P,unknown,UNKNOWN,jp,ポケモンカード研究所,Pokemon Card Laboratory,artwork,Each exact Japanese promo has frozen individual-card evidence showing no official English-language physical printing.,https://bulbapedia.bulbagarden.net/wiki/Pok%C3%A9mon_Card_Laboratory_(PCG-P_Promo_24) | https://www.tcgplayer.com/product/613474,,,https://pub-edb881114340454d8aae56176adec4f2.r2.dev/pokemon/613474.jpg,74f55d3a-eb57-464e-8b73-7341ee1090d2
ex,2004-04-09,PCG Promo,P-P,037/PCG-P,not_applicable,UNKNOWN,jp,キモリ,Treecko,artwork,Each exact Japanese promo has frozen individual-card evidence showing no official English-language physical printing.,https://bulbapedia.bulbagarden.net/wiki/Treecko_(PCG-P_Promo_37) | https://www.tcgplayer.com/product/613526,,,https://pub-edb881114340454d8aae56176adec4f2.r2.dev/pokemon/613526.jpg,5fbde323-8785-4b37-8cc0-38e0eb28a09e
ex,2004-04-09,PCG Promo,P-P,075/PCG-P,not_applicable,UNKNOWN,jp,波導のルカリオ,Aura's Lucario,artwork,Each exact Japanese promo has frozen individual-card evidence showing no official English-language physical printing.,https://bulbapedia.bulbagarden.net/wiki/Aura's_Lucario_(PCG-P_Promo_75) | https://www.tcgplayer.com/product/613398,,,https://pub-edb881114340454d8aae56176adec4f2.r2.dev/pokemon/613398.jpg,a77b2153-bdc8-4f21-9e50-563c688e2f7c
ex,2004-04-09,PCG Promo,P-P,079/PCG-P,unknown,UNKNOWN,jp,波導のルカリオ,Aura's Lucario,artwork,Each exact Japanese promo has frozen individual-card evidence showing no official English-language physical printing.,https://bulbapedia.bulbagarden.net/wiki/Aura's_Lucario_(PCG-P_Promo_79) | https://www.tcgplayer.com/product/613399,,,https://pub-edb881114340454d8aae56176adec4f2.r2.dev/pokemon/613399.jpg,d9b60673-0a72-457c-b305-e54f80055bb1
ex,2004-04-09,PCG Promo,P-P,086/PCG-P,unknown,UNKNOWN,jp,ロータのマネネ,Rota's Mime Jr.,artwork,Each exact Japanese promo has frozen individual-card evidence showing no official English-language physical printing.,https://bulbapedia.bulbagarden.net/wiki/Rota's_Mime_Jr._(PCG-P_Promo_86) | https://www.tcgplayer.com/product/613497,,,https://pub-edb881114340454d8aae56176adec4f2.r2.dev/pokemon/613497.jpg,cc40b464-ddf0-4432-99b0-ed8d57ccb35e
ex,2004-04-09,PCG Promo,P-P,087/PCG-P,not_applicable,UNKNOWN,jp,ロータのウソハチ,Rota's Bonsly,artwork,Each exact Japanese promo has frozen individual-card evidence showing no official English-language physical printing.,https://bulbapedia.bulbagarden.net/wiki/Rota's_Bonsly_(PCG-P_Promo_87) | https://www.tcgplayer.com/product/613496,,,https://pub-edb881114340454d8aae56176adec4f2.r2.dev/pokemon/613496.jpg,27f020ca-c53d-4279-a4c5-ed45c7e8bfc0
ex,2004-04-09,PCG Promo,P-P,088/PCG-P,not_applicable,UNKNOWN,jp,ロータのゴンベ,Rota's Munchlax,artwork,Each exact Japanese promo has frozen individual-card evidence showing no official English-language physical printing.,https://bulbapedia.bulbagarden.net/wiki/Rota's_Munchlax_(PCG-P_Promo_88) | https://www.tcgplayer.com/product/613499,,,https://pub-edb881114340454d8aae56176adec4f2.r2.dev/pokemon/613499.jpg,e88c81cd-d948-4cf8-accf-9480e05db755
ex,2004-04-09,PCG Promo,P-P,089/PCG-P,not_applicable,UNKNOWN,jp,ロータのマニューラ,Rota's Weavile,artwork,Each exact Japanese promo has frozen individual-card evidence showing no official English-language physical printing.,https://bulbapedia.bulbagarden.net/wiki/Rota's_Weavile_(PCG-P_Promo_89) | https://www.tcgplayer.com/product/613500,,,https://pub-edb881114340454d8aae56176adec4f2.r2.dev/pokemon/613500.jpg,26ea27c9-0519-42d8-af3f-f5d734f7f139
ex,2004-04-09,PCG Promo,P-P,090/PCG-P,unknown,UNKNOWN,jp,波導のルカリオ,Aura's Lucario,artwork,Each exact Japanese promo has frozen individual-card evidence showing no official English-language physical printing.,https://bulbapedia.bulbagarden.net/wiki/Aura's_Lucario_(PCG-P_Promo_90) | https://www.tcgplayer.com/product/613400,,,https://pub-edb881114340454d8aae56176adec4f2.r2.dev/pokemon/613400.jpg,0c77a96f-82bb-4701-b51c-6a355d238995
ex,2004-04-09,PCG Promo,P-P,092/PCG-P,not_applicable,UNKNOWN,jp,波導のルカリオ,Aura's Lucario,artwork,Each exact Japanese promo has frozen individual-card evidence showing no official English-language physical printing.,https://bulbapedia.bulbagarden.net/wiki/Aura's_Lucario_(PCG-P_Promo_92) | https://www.tcgplayer.com/product/613401,,,https://pub-edb881114340454d8aae56176adec4f2.r2.dev/pokemon/613401.jpg,ba1447f7-cf59-4074-b410-a4083e8f2253
ex,2004-04-09,PCG Promo,P-P,097/PCG-P,unknown,UNKNOWN,jp,ロータのマネネ,Rota's Mime Jr.,artwork,Each exact Japanese promo has frozen individual-card evidence showing no official English-language physical printing.,https://bulbapedia.bulbagarden.net/wiki/Rota's_Mime_Jr._(PCG-P_Promo_97) | https://www.tcgplayer.com/product/613498,,,https://pub-edb881114340454d8aae56176adec4f2.r2.dev/pokemon/613498.jpg,01e010b4-191b-46f3-a94d-041a5796521b
ex,2004-04-09,PCG Promo,P-P,130/PCG-P,unknown,UNKNOWN,jp,タッチ交換!,Touch Exchange!,artwork,Each exact Japanese promo has frozen individual-card evidence showing no official English-language physical printing.,https://bulbapedia.bulbagarden.net/wiki/Touch_Exchange%21_(PCG-P_Promo_130) | https://pokumon.com/promo_set/pcg-p/,,,https://pub-edb881114340454d8aae56176adec4f2.r2.dev/pokemon/artofpkm/68458f1b-b3a0-4b8f-83db-a355241597ee.jpg,68458f1b-b3a0-4b8f-83db-a355241597ee
ex,2004-04-09,PCG Promo,P-P,137/PCG-P,unknown,UNKNOWN,jp,アクーシャのタマンタ,Samiya's Mantyke,artwork,Each exact Japanese promo has frozen individual-card evidence showing no official English-language physical printing.,https://bulbapedia.bulbagarden.net/wiki/Samiya's_Mantyke_(PCG-P_Promo_137) | https://www.tcgplayer.com/product/613505,,,https://pub-edb881114340454d8aae56176adec4f2.r2.dev/pokemon/613505.jpg,28989942-57ce-4573-8b19-054920b46dee
ex,2004-04-09,PCG Promo,P-P,138/PCG-P,unknown,UNKNOWN,jp,アクーシャのブイゼル,Samiya's Buizel,artwork,Each exact Japanese promo has frozen individual-card evidence showing no official English-language physical printing.,https://bulbapedia.bulbagarden.net/wiki/Samiya's_Buizel_(PCG-P_Promo_138) | https://www.tcgplayer.com/product/613501,,,https://pub-edb881114340454d8aae56176adec4f2.r2.dev/pokemon/613501.jpg,a19fcf23-8015-4015-808d-d9cb8cd1c2d3
ex,2004-04-09,PCG Promo,P-P,139/PCG-P,not_applicable,UNKNOWN,jp,蒼海のマナフィ,Sea's Manaphy,artwork,Each exact Japanese promo has frozen individual-card evidence showing no official English-language physical printing.,https://bulbapedia.bulbagarden.net/wiki/Sea's_Manaphy_(PCG-P_Promo_139) | https://www.tcgplayer.com/product/613508,,,https://pub-edb881114340454d8aae56176adec4f2.r2.dev/pokemon/613508.jpg,8db1967c-9e9f-4d7e-b4a0-b0dae435fe1f
ex,2004-04-09,PCG Promo,P-P,143/PCG-P,unknown,UNKNOWN,jp,アクーシャのペラップ,Samiya's Chatot,artwork,Each exact Japanese promo has frozen individual-card evidence showing no official English-language physical printing.,https://bulbapedia.bulbagarden.net/wiki/Samiya's_Chatot_(PCG-P_Promo_143) | https://www.tcgplayer.com/product/613503,,,https://pub-edb881114340454d8aae56176adec4f2.r2.dev/pokemon/613503.jpg,15275d93-926e-4055-b799-e2b453339a40
ex,2004-04-09,PCG Promo,P-P,146/PCG-P,unknown,UNKNOWN,jp,蒼海のマナフィ,Sea's Manaphy,artwork,Each exact Japanese promo has frozen individual-card evidence showing no official English-language physical printing.,https://bulbapedia.bulbagarden.net/wiki/Sea's_Manaphy_(PCG-P_Promo_146) | https://www.tcgplayer.com/product/613509,,,https://pub-edb881114340454d8aae56176adec4f2.r2.dev/pokemon/613509.jpg,a7238d0a-511e-43fc-8d56-3748a50af602
ex,2004-04-09,PCG Promo,P-P,147/PCG-P,unknown,UNKNOWN,jp,蒼海のマナフィ,Sea's Manaphy,artwork,Each exact Japanese promo has frozen individual-card evidence showing no official English-language physical printing.,https://bulbapedia.bulbagarden.net/wiki/Sea's_Manaphy_(PCG-P_Promo_147) | https://www.tcgplayer.com/product/613510,,,https://pub-edb881114340454d8aae56176adec4f2.r2.dev/pokemon/613510.jpg,9dd81872-276c-468e-a3bf-7641a8747249
ex,2004-04-09,PCG Promo,P-P,150/PCG-P,unknown,UNKNOWN,jp,蒼海のマナフィ,Sea's Manaphy,artwork,Each exact Japanese promo has frozen individual-card evidence showing no official English-language physical printing.,https://bulbapedia.bulbagarden.net/wiki/Sea's_Manaphy_(PCG-P_Promo_150) | https://www.tcgplayer.com/product/613511,,,https://pub-edb881114340454d8aae56176adec4f2.r2.dev/pokemon/613511.jpg,8caa2511-36aa-4c74-85cb-0edf3bf8b076
ex,2004-04-09,PCG Promo,P-P,151/PCG-P,unknown,UNKNOWN,jp,アクーシャのブイゼル,Samiya's Buizel,artwork,Each exact Japanese promo has frozen individual-card evidence showing no official English-language physical printing.,https://bulbapedia.bulbagarden.net/wiki/Samiya's_Buizel_(PCG-P_Promo_151) | https://www.tcgplayer.com/product/613502,,,https://pub-edb881114340454d8aae56176adec4f2.r2.dev/pokemon/613502.jpg,7a02a0c7-2fab-40fe-803a-f009f4c7eaaa
ex,2004-04-09,PCG Promo,P-P,152/PCG-P,unknown,UNKNOWN,jp,アクーシャのペラップ,Samiya's Chatot,artwork,Each exact Japanese promo has frozen individual-card evidence showing no official English-language physical printing.,https://bulbapedia.bulbagarden.net/wiki/Samiya's_Chatot_(PCG-P_Promo_152) | https://www.tcgplayer.com/product/613504,,,https://pub-edb881114340454d8aae56176adec4f2.r2.dev/pokemon/613504.jpg,2a7ea212-aae9-4301-b86c-ff065073166d
ex,2004-04-09,PCG Promo,P-P,154/PCG-P,unknown,UNKNOWN,jp,蒼海のマナフィ,Sea's Manaphy,artwork,Each exact Japanese promo has frozen individual-card evidence showing no official English-language physical printing.,https://bulbapedia.bulbagarden.net/wiki/Sea's_Manaphy_(PCG-P_Promo_154) | https://www.tcgplayer.com/product/613512,,,https://pub-edb881114340454d8aae56176adec4f2.r2.dev/pokemon/613512.jpg,62e56b85-e045-41aa-94f8-de937db42a41
dp,2006-11-30,DP Promo,DP-P,098/DP-P,not_applicable,おかいもの東京,jp,ピカチュウ,Pikachu,artwork,Each exact Japanese promo has frozen individual-card evidence showing no official English-language physical printing.,https://bulbapedia.bulbagarden.net/wiki/Pikachu_(DP-P_Promo_98) | https://www.tcgplayer.com/product/613300,,,https://pub-edb881114340454d8aae56176adec4f2.r2.dev/pokemon/613300.jpg,0785a7dd-64ac-4b56-852d-13c7cc416b61
dp,2006-11-30,DP Promo,DP-P,109/DP-P,not_applicable,UNKNOWN,jp,現実世界のギラティナ,Real World's Giratina,artwork,Each exact Japanese promo has frozen individual-card evidence showing no official English-language physical printing.,https://bulbapedia.bulbagarden.net/wiki/Real_World's_Giratina_(DP-P_Promo_109) | https://www.tcgplayer.com/product/613311,,,https://pub-edb881114340454d8aae56176adec4f2.r2.dev/pokemon/613311.jpg,b33748d8-df53-438a-aa50-46fa76c1e0c3
dp,2006-11-30,DP Promo,DP-P,124/DP-P,not_applicable,UNKNOWN,jp,ヒトカゲ,Charmander,artwork,Each exact Japanese promo has frozen individual-card evidence showing no official English-language physical printing.,https://bulbapedia.bulbagarden.net/wiki/Charmander_(DP-P_Promo_124) | https://www.tcgplayer.com/product/613260,,,https://pub-edb881114340454d8aae56176adec4f2.r2.dev/pokemon/613260.jpg,f72eac3a-4c07-48a5-a362-a47f10c298f3
pt,2008-10-10,DPt Promo,DPT-P,009/DPt-P,not_applicable,UNKNOWN,jp,ゼニガメ,Squirtle,artwork,Each exact Japanese promo has frozen individual-card evidence showing no official English-language physical printing.,https://bulbapedia.bulbagarden.net/wiki/Squirtle_(DPt-P_Promo_9) | https://www.tcgplayer.com/product/613244,,,https://pub-edb881114340454d8aae56176adec4f2.r2.dev/pokemon/613244.jpg,ec485a17-4cb6-4add-adcb-9acbf6cb1dda
pt,2008-10-10,DPt Promo,DPT-P,015/DPt-P,not_applicable,UNKNOWN,jp,ルカリオ,Lucario,artwork,Each exact Japanese promo has frozen individual-card evidence showing no official English-language physical printing.,https://bulbapedia.bulbagarden.net/wiki/Lucario_(DPt-P_Promo_15) | https://www.tcgplayer.com/product/613227,,,https://pub-edb881114340454d8aae56176adec4f2.r2.dev/pokemon/613227.jpg,130a19ad-03a8-481a-99d4-b9a80c67aeef
pt,2008-10-10,DPt Promo,DPT-P,030/DPt-P,unknown,UNKNOWN,jp,フシギダネ,Bulbasaur,artwork,Each exact Japanese promo has frozen individual-card evidence showing no official English-language physical printing.,https://bulbapedia.bulbagarden.net/wiki/Bulbasaur_(DPt-P_Promo_30) | https://www.tcgplayer.com/product/613215,,,https://pub-edb881114340454d8aae56176adec4f2.r2.dev/pokemon/613215.jpg,887071b3-32e4-48d1-b694-f6eaaf1ca812
pt,2008-10-10,DPt Promo,DPT-P,032/DPt-P,not_applicable,UNKNOWN,jp,ペラップ,Chatot,artwork,Each exact Japanese promo has frozen individual-card evidence showing no official English-language physical printing.,https://bulbapedia.bulbagarden.net/wiki/Chatot_(DPt-P_Promo_32) | https://www.tcgplayer.com/product/613217,,,https://pub-edb881114340454d8aae56176adec4f2.r2.dev/pokemon/613217.jpg,fef7ecf0-98e9-47de-a6c9-054bf11da5c6
pt,2008-10-10,DPt Promo,DPT-P,033/DPt-P,unknown,UNKNOWN,jp,ワンダー・プラチナ,Wonder Platinum,artwork,Each exact Japanese promo has frozen individual-card evidence showing no official English-language physical printing.,https://bulbapedia.bulbagarden.net/wiki/Wonder_Platinum_(DPt-P_Promo_33) | https://www.tcgplayer.com/product/613251,,,https://pub-edb881114340454d8aae56176adec4f2.r2.dev/pokemon/artofpkm/e0b3cec1-10e1-4062-9c93-cba8e44cbb32.jpg,e0b3cec1-10e1-4062-9c93-cba8e44cbb32
pt,2008-10-10,DPt Promo,DPT-P,043/DPt-P,not_applicable,UNKNOWN,jp,ピカチュウMLV.X,Pikachu M,artwork,Each exact Japanese promo has frozen individual-card evidence showing no official English-language physical printing.,https://bulbapedia.bulbagarden.net/wiki/Pikachu_M_LV.X_(DPt-P_Promo_43) | https://www.tcgplayer.com/product/613236,,,https://pub-edb881114340454d8aae56176adec4f2.r2.dev/pokemon/613236.jpg,982ed0a5-d461-4f97-bc4b-84157df10c94
pt,2008-10-10,DPt Promo,DPT-P,044/DPt-P,not_applicable,UNKNOWN,jp,ミチーナしんでん,Michina Temple,artwork,Each exact Japanese promo has frozen individual-card evidence showing no official English-language physical printing.,https://bulbapedia.bulbagarden.net/wiki/Michina_Temple_(DPt-P_Promo_44) | https://www.tcgplayer.com/product/613231,,,https://pub-edb881114340454d8aae56176adec4f2.r2.dev/pokemon/613231.jpg,901de39f-f346-46dc-a375-5bd5c5783c7c
pt,2008-10-10,DPt Promo,DPT-P,047/DPt-P,not_applicable,UNKNOWN,jp,プリン,Jigglypuff,artwork,Each exact Japanese promo has frozen individual-card evidence showing no official English-language physical printing.,https://bulbapedia.bulbagarden.net/wiki/Jigglypuff_(DPt-P_Promo_47) | https://www.tcgplayer.com/product/613226,,,https://pub-edb881114340454d8aae56176adec4f2.r2.dev/pokemon/613226.jpg,d9b6665f-0461-484f-abae-9e66241d09b5
pt,2008-10-10,DPt Promo,DPT-P,050/DPt-P,unknown,UNKNOWN,jp,ヒードラン,Heatran,artwork,Each exact Japanese promo has frozen individual-card evidence showing no official English-language physical printing.,https://bulbapedia.bulbagarden.net/wiki/Heatran_(DPt-P_Promo_50) | https://www.tcgplayer.com/product/613225,,,https://pub-edb881114340454d8aae56176adec4f2.r2.dev/pokemon/613225.jpg,f3c9dc97-0693-4fab-936f-3645b29b1276
hgss,2009-10-09,LEGEND Promo,L-P,055/L-P,not_applicable,UNKNOWN,jp,マスターの書,Master's Scroll,artwork,Each exact Japanese promo has frozen individual-card evidence showing no official English-language physical printing.,https://bulbapedia.bulbagarden.net/wiki/Master's_Scroll_(L-P_Promo_55) | https://www.tcgplayer.com/product/608594,,,https://pub-edb881114340454d8aae56176adec4f2.r2.dev/pokemon/608594.jpg,035038bb-a84d-43b5-8582-5b1885e26f02
hgss,2009-10-09,LEGEND Promo,L-P,068/L-P,unknown,UNKNOWN,jp,マスターのカギ,Master's Key,both,068/L-P is a unique Japan national-championship prize design awarded only at the 2010 finals.,https://bulbapedia.bulbagarden.net/wiki/Master%27s_Key | https://www.psacard.com/cert/64981824/psa,068/L-P carries a gold Japan National Tournament prize stamp below the card text.,https://bulbapedia.bulbagarden.net/wiki/Master%27s_Key | https://www.psacard.com/cert/64981824/psa,https://pub-edb881114340454d8aae56176adec4f2.r2.dev/pokemon/608607.jpg,5c5c626e-9313-417c-818a-e78ac9e920df
hgss,2009-10-09,LEGEND Promo,L-P,079/L-P,not_applicable,UNKNOWN,jp,おかいものピカチュウ,Shopping Pikachu,artwork,Each exact Japanese promo has frozen individual-card evidence showing no official English-language physical printing.,https://bulbapedia.bulbagarden.net/wiki/Shopping_Pikachu_(L-P_Promo_79) | https://www.tcgplayer.com/product/608618,,,https://pub-edb881114340454d8aae56176adec4f2.r2.dev/pokemon/608618.jpg,fd412d28-3011-49cb-9653-94ef64a85651
bw,2010-12-17,BW Promo,BW-P,014/BW-P,unknown,ジムチャレンジ,jp,基本炎エネルギー,Basic Fire Energy,stamps,,,The exact Japanese printing carries the Japan-only BW Gym Challenge event or campaign marking.,https://pokumon.com/card/fire-energy-014-bw-p-japanese-promo/ | https://bulbapedia.bulbagarden.net/wiki/Fire_Energy_%28BW-P_Promo_14%29,https://pub-edb881114340454d8aae56176adec4f2.r2.dev/pokemon/635090.jpg,e10a52ab-e914-4ab0-a02a-86d5011dd220
bw,2010-12-17,BW Promo,BW-P,015/BW-P,unknown,ジムチャレンジ,jp,基本雷エネルギー,Basic Lightning Energy,stamps,,,The exact Japanese printing carries the Japan-only BW Gym Challenge event or campaign marking.,https://pokumon.com/card/lightning-energy-015-bw-p-japanese-promo/ | https://bulbapedia.bulbagarden.net/wiki/Lightning_Energy_%28BW-P_Promo_15%29,https://pub-edb881114340454d8aae56176adec4f2.r2.dev/pokemon/635098.jpg,1977da73-5ca5-4b33-826b-f242327759f0
bw,2010-12-17,BW Promo,BW-P,016/BW-P,unknown,ジムチャレンジ,jp,基本闘エネルギー,Basic Fighting Energy,stamps,,,The exact Japanese printing carries the Japan-only BW Gym Challenge event or campaign marking.,https://pokumon.com/card/fighting-energy-016-bw-p-japanese-promo/ | https://bulbapedia.bulbagarden.net/wiki/Fighting_Energy_%28BW-P_Promo_16%29,https://pub-edb881114340454d8aae56176adec4f2.r2.dev/pokemon/635086.jpg,cf31311d-26fe-4360-8e1c-190af5cc33a0
bw,2010-12-17,BW Promo,BW-P,017/BW-P,unknown,ジムチャレンジ,jp,基本悪エネルギー,Basic Darkness Energy,stamps,,,The exact Japanese printing carries the Japan-only BW Gym Challenge event or campaign marking.,https://pokumon.com/card/darkness-energy-017-bw-p-japanese-promo/ | https://bulbapedia.bulbagarden.net/wiki/Darkness_Energy_%28BW-P_Promo_17%29,https://pub-edb881114340454d8aae56176adec4f2.r2.dev/pokemon/635081.jpg,7094c33e-98d2-4c4c-b4c2-06fc34c7143c
bw,2010-12-17,BW Promo,BW-P,025/BW-P,unknown,UNKNOWN,jp,エモンガ,Emolga,artwork,Each exact Japanese promo has frozen individual-card evidence showing no official English-language physical printing.,https://bulbapedia.bulbagarden.net/wiki/Emolga_(BW-P_Promo_25) | https://www.tcgplayer.com/product/635143,,,https://pub-edb881114340454d8aae56176adec4f2.r2.dev/pokemon/artofpkm/45382917-d41a-4125-8f35-c34e8b8d1d0e.jpg,45382917-d41a-4125-8f35-c34e8b8d1d0e
bw,2010-12-17,BW Promo,BW-P,046/BW-P,unknown,UNKNOWN,jp,ゴルーグ,Golurk,artwork,Each exact Japanese promo has frozen individual-card evidence showing no official English-language physical printing.,https://bulbapedia.bulbagarden.net/wiki/Golurk_(BW-P_Promo_46) | https://www.tcgplayer.com/product/635163,,,https://pub-edb881114340454d8aae56176adec4f2.r2.dev/pokemon/635163.jpg,b027cfa2-59ee-4572-b6b4-ee79780b4b7b
bw,2010-12-17,BW Promo,BW-P,083/BW-P,unknown,in 東京タワー,jp,基本草エネルギー,Basic Grass Energy,stamps,,,The exact Japanese printing carries the Japan-only Summer Carnival in Tokyo Tower event or campaign marking.,https://pokumon.com/card/grass-energy-083-bw-p-japanese-promo/ | https://bulbapedia.bulbagarden.net/wiki/Grass_Energy_%28BW-P_Promo_83%29,https://pub-edb881114340454d8aae56176adec4f2.r2.dev/pokemon/635095.jpg,ea2e2221-fc00-4e04-abe6-95e68359e422
bw,2010-12-17,BW Promo,BW-P,084/BW-P,unknown,in 東京タワー,jp,基本炎エネルギー,Basic Fire Energy,stamps,,,The exact Japanese printing carries the Japan-only Summer Carnival in Tokyo Tower event or campaign marking.,https://pokumon.com/card/fire-energy-084-bw-p-japanese-promo/ | https://bulbapedia.bulbagarden.net/wiki/Fire_Energy_%28BW-P_Promo_84%29,https://pub-edb881114340454d8aae56176adec4f2.r2.dev/pokemon/635091.jpg,99b96c81-df19-4a69-86db-ef22de1f9936
bw,2010-12-17,BW Promo,BW-P,085/BW-P,unknown,in 東京タワー,jp,基本水エネルギー,Basic Water Energy,stamps,,,The exact Japanese printing carries the Japan-only Summer Carnival in Tokyo Tower event or campaign marking.,https://pokumon.com/card/water-energy-085-bw-p-japanese-promo/ | https://bulbapedia.bulbagarden.net/wiki/Water_Energy_%28BW-P_Promo_85%29,https://pub-edb881114340454d8aae56176adec4f2.r2.dev/pokemon/635111.jpg,bb2ae40f-87a4-4133-b910-3f6f59581490
bw,2010-12-17,BW Promo,BW-P,086/BW-P,unknown,in 東京タワー,jp,基本雷エネルギー,Basic Lightning Energy,stamps,,,The exact Japanese printing carries the Japan-only Summer Carnival in Tokyo Tower event or campaign marking.,https://pokumon.com/card/lightning-energy-086-bw-p-japanese-promo/ | https://bulbapedia.bulbagarden.net/wiki/Lightning_Energy_%28BW-P_Promo_86%29,https://pub-edb881114340454d8aae56176adec4f2.r2.dev/pokemon/635099.jpg,8d47f664-d345-4553-84f3-ac6103db19f5
bw,2010-12-17,BW Promo,BW-P,087/BW-P,unknown,in 東京タワー,jp,基本超エネルギー,Basic Psychic Energy,stamps,,,The exact Japanese printing carries the Japan-only Summer Carnival in Tokyo Tower event or campaign marking.,https://pokumon.com/card/psychic-energy-087-bw-p-japanese-promo/ | https://bulbapedia.bulbagarden.net/wiki/Psychic_Energy_%28BW-P_Promo_87%29,https://pub-edb881114340454d8aae56176adec4f2.r2.dev/pokemon/635107.jpg,779b6854-dbed-4faa-bee3-67e0e6d83101
bw,2010-12-17,BW Promo,BW-P,088/BW-P,unknown,in 東京タワー,jp,基本闘エネルギー,Basic Fighting Energy,stamps,,,The exact Japanese printing carries the Japan-only Summer Carnival in Tokyo Tower event or campaign marking.,https://pokumon.com/card/fighting-energy-088-bw-p-japanese-promo/ | https://bulbapedia.bulbagarden.net/wiki/Fighting_Energy_%28BW-P_Promo_88%29,https://pub-edb881114340454d8aae56176adec4f2.r2.dev/pokemon/635087.jpg,04456135-5b05-4b0b-848c-484a75e4c280
bw,2010-12-17,BW Promo,BW-P,089/BW-P,unknown,in 東京タワー,jp,基本悪エネルギー,Basic Darkness Energy,stamps,,,The exact Japanese printing carries the Japan-only Summer Carnival in Tokyo Tower event or campaign marking.,https://pokumon.com/card/darkness-energy-089-bw-p-japanese-promo/ | https://bulbapedia.bulbagarden.net/wiki/Darkness_Energy_%28BW-P_Promo_89%29,https://pub-edb881114340454d8aae56176adec4f2.r2.dev/pokemon/635083.jpg,b96c39a7-6f21-4712-ab5b-26c8f52cadb7
bw,2010-12-17,BW Promo,BW-P,090/BW-P,unknown,in 東京タワー,jp,基本鋼エネルギー,Basic Metal Energy,stamps,,,The exact Japanese printing carries the Japan-only Summer Carnival in Tokyo Tower event or campaign marking.,https://pokumon.com/card/metal-energy-090-bw-p-japanese-promo/ | https://bulbapedia.bulbagarden.net/wiki/Metal_Energy_%28BW-P_Promo_90%29,https://pub-edb881114340454d8aae56176adec4f2.r2.dev/pokemon/635103.jpg,21aff669-f83b-47a3-ad09-0f22cf977d4b
bw,2010-12-17,BW Promo,BW-P,099/BW-P,unknown,ジムチャレンジ,jp,基本草エネルギー,Basic Grass Energy,stamps,,,The exact Japanese printing carries the Japan-only BW Gym Challenge event or campaign marking.,https://pokumon.com/card/grass-energy-099-bw-p-japanese-promo/ | https://bulbapedia.bulbagarden.net/wiki/Grass_Energy_%28BW-P_Promo_99%29,https://pub-edb881114340454d8aae56176adec4f2.r2.dev/pokemon/635096.jpg,c50ba5d6-0341-45af-931a-18de5bbc51be
bw,2010-12-17,BW Promo,BW-P,100/BW-P,unknown,ジムチャレンジ,jp,基本水エネルギー,Basic Water Energy,stamps,,,The exact Japanese printing carries the Japan-only BW Gym Challenge event or campaign marking.,https://pokumon.com/card/water-energy-100-bw-p-japanese-promo/ | https://bulbapedia.bulbagarden.net/wiki/Water_Energy_%28BW-P_Promo_100%29,https://pub-edb881114340454d8aae56176adec4f2.r2.dev/pokemon/635112.jpg,5da7bcac-8850-4db2-839d-9ae13d4644e6
bw,2010-12-17,BW Promo,BW-P,101/BW-P,unknown,ジムチャレンジ,jp,基本超エネルギー,Basic Psychic Energy,stamps,,,The exact Japanese printing carries the Japan-only BW Gym Challenge event or campaign marking.,https://pokumon.com/card/psychic-energy-101-bw-p-japanese-promo/ | https://bulbapedia.bulbagarden.net/wiki/Psychic_Energy_%28BW-P_Promo_101%29,https://pub-edb881114340454d8aae56176adec4f2.r2.dev/pokemon/635108.jpg,5221b01b-0a08-4b3e-8694-6372d8668870
bw,2010-12-17,BW Promo,BW-P,102/BW-P,unknown,ジムチャレンジ,jp,基本鋼エネルギー,Basic Metal Energy,stamps,,,The exact Japanese printing carries the Japan-only BW Gym Challenge event or campaign marking.,https://pokumon.com/card/metal-energy-102-bw-p-japanese-promo/ | https://bulbapedia.bulbagarden.net/wiki/Metal_Energy_%28BW-P_Promo_102%29,https://pub-edb881114340454d8aae56176adec4f2.r2.dev/pokemon/635104.jpg,cdb65e6d-f9aa-477b-b2d5-23ed10a6f5fa
bw,2010-12-17,BW Promo,BW-P,120/BW-P,not_applicable,UNKNOWN,jp,ピカチュウ,Pikachu,artwork,Each exact Japanese promo has frozen individual-card evidence showing no official English-language physical printing.,https://bulbapedia.bulbagarden.net/wiki/Pikachu_(BW-P_Promo_120) | https://www.tcgplayer.com/product/635220,,,https://pub-edb881114340454d8aae56176adec4f2.r2.dev/pokemon/635220.jpg,d670d3db-8ec5-45d0-a533-520fefac1a53
bw,2010-12-17,BW Promo,BW-P,124/BW-P,unknown,UNKNOWN,jp,フシギダネ,Bulbasaur,artwork,Each exact Japanese promo has frozen individual-card evidence showing no official English-language physical printing.,https://bulbapedia.bulbagarden.net/wiki/Bulbasaur_(BW-P_Promo_124) | https://www.tcgplayer.com/product/635121,,,https://pub-edb881114340454d8aae56176adec4f2.r2.dev/pokemon/635121.jpg,cd8cc1bb-bcc8-4823-9492-7ac14073906d
bw,2010-12-17,BW Promo,BW-P,130/BW-P,unknown,ジムチャレンジ,jp,基本炎エネルギー,Basic Fire Energy,stamps,,,The exact Japanese printing carries the Japan-only BW Gym Challenge event or campaign marking.,https://pokumon.com/card/fire-energy-130-bw-p-japanese-promo/ | https://bulbapedia.bulbagarden.net/wiki/Fire_Energy_%28BW-P_Promo_130%29,https://pub-edb881114340454d8aae56176adec4f2.r2.dev/pokemon/635092.jpg,cb3b73bc-5731-415b-8f94-150fabed9c9c
bw,2010-12-17,BW Promo,BW-P,131/BW-P,unknown,ジムチャレンジ,jp,基本雷エネルギー,Basic Lightning Energy,stamps,,,The exact Japanese printing carries the Japan-only BW Gym Challenge event or campaign marking.,https://pokumon.com/card/lightning-energy-131-bw-p-japanese-promo/ | https://bulbapedia.bulbagarden.net/wiki/Lightning_Energy_%28BW-P_Promo_131%29,https://pub-edb881114340454d8aae56176adec4f2.r2.dev/pokemon/635100.jpg,66b8ffb0-d6b0-415d-9879-64ec8b0c1a4b
bw,2010-12-17,BW Promo,BW-P,132/BW-P,unknown,ジムチャレンジ,jp,基本闘エネルギー,Basic Fighting Energy,stamps,,,The exact Japanese printing carries the Japan-only BW Gym Challenge event or campaign marking.,https://pokumon.com/card/fighting-energy-132-bw-p-japanese-promo/ | https://bulbapedia.bulbagarden.net/wiki/Fighting_Energy_%28BW-P_Promo_132%29,https://pub-edb881114340454d8aae56176adec4f2.r2.dev/pokemon/635088.jpg,47b1d139-8865-4a26-983a-e884eef73af4
bw,2010-12-17,BW Promo,BW-P,133/BW-P,unknown,ジムチャレンジ,jp,基本悪エネルギー,Basic Darkness Energy,stamps,,,The exact Japanese printing carries the Japan-only BW Gym Challenge event or campaign marking.,https://pokumon.com/card/darkness-energy-133-bw-p-japanese-promo/ | https://bulbapedia.bulbagarden.net/wiki/Darkness_Energy_%28BW-P_Promo_133%29,https://pub-edb881114340454d8aae56176adec4f2.r2.dev/pokemon/635084.jpg,79d3bc74-18e6-49b5-a7be-a7b814410647
bw,2010-12-17,BW Promo,BW-P,136/BW-P,unknown,UNKNOWN,jp,ココドラ,Aron,artwork,Each exact Japanese promo has frozen individual-card evidence showing no official English-language physical printing.,https://bulbapedia.bulbagarden.net/wiki/Aron_(BW-P_Promo_136) | https://www.tcgplayer.com/product/635075,,,https://pub-edb881114340454d8aae56176adec4f2.r2.dev/pokemon/635075.jpg,635c77b0-bb04-4818-92c1-4384bcddd1c4
bw,2010-12-17,BW Promo,BW-P,140/BW-P,unknown,ジムチャレンジ,jp,基本草エネルギー,Basic Grass Energy,stamps,,,The exact Japanese printing carries the Japan-only BW Gym Challenge event or campaign marking.,https://pokumon.com/card/grass-energy-140-bw-p-japanese-promo/ | https://bulbapedia.bulbagarden.net/wiki/Grass_Energy_%28BW-P_Promo_140%29,https://pub-edb881114340454d8aae56176adec4f2.r2.dev/pokemon/641830.jpg,741616e9-0c18-42d1-98d0-e9346505d24d
bw,2010-12-17,BW Promo,BW-P,141/BW-P,unknown,ジムチャレンジ,jp,基本水エネルギー,Basic Water Energy,stamps,,,The exact Japanese printing carries the Japan-only BW Gym Challenge event or campaign marking.,https://pokumon.com/card/water-energy-141-bw-p-japanese-promo/ | https://bulbapedia.bulbagarden.net/wiki/Water_Energy_%28BW-P_Promo_141%29,https://pub-edb881114340454d8aae56176adec4f2.r2.dev/pokemon/641833.jpg,e4e7a271-f6d8-43d2-bdb6-9ee1a700a289
bw,2010-12-17,BW Promo,BW-P,142/BW-P,unknown,ジムチャレンジ,jp,基本超エネルギー,Basic Psychic Energy,stamps,,,The exact Japanese printing carries the Japan-only BW Gym Challenge event or campaign marking.,https://pokumon.com/card/psychic-energy-142-bw-p-japanese-promo/ | https://bulbapedia.bulbagarden.net/wiki/Psychic_Energy_%28BW-P_Promo_142%29,https://pub-edb881114340454d8aae56176adec4f2.r2.dev/pokemon/641834.jpg,ed2a35ae-2452-4725-8164-e32cebeca488
bw,2010-12-17,BW Promo,BW-P,143/BW-P,unknown,ジムチャレンジ,jp,基本鋼エネルギー,Basic Metal Energy,stamps,,,The exact Japanese printing carries the Japan-only BW Gym Challenge event or campaign marking.,https://pokumon.com/card/metal-energy-143-bw-p-japanese-promo/ | https://bulbapedia.bulbagarden.net/wiki/Metal_Energy_%28BW-P_Promo_143%29,https://pub-edb881114340454d8aae56176adec4f2.r2.dev/pokemon/641835.jpg,51c47814-a2ba-4dec-a796-b326d4ed8500
bw,2010-12-17,BW Promo,BW-P,153/BW-P,unknown,UNKNOWN,jp,殿堂ベルト,Palace Belt,artwork,Each exact Japanese promo has frozen individual-card evidence showing no official English-language physical printing.,https://bulbapedia.bulbagarden.net/wiki/Palace_Belt_(BW-P_Promo_153) | https://www.tcgplayer.com/product/635210,,,https://pub-edb881114340454d8aae56176adec4f2.r2.dev/pokemon/635210.jpg,ca1abfa0-1bf6-40a7-8004-d0a22a41cb61
bw,2010-12-17,BW Promo,BW-P,166/BW-P,not_applicable,UNKNOWN,jp,カメール,Wartortle,artwork,Each exact Japanese promo has frozen individual-card evidence showing no official English-language physical printing.,https://bulbapedia.bulbagarden.net/wiki/Wartortle_(BW-P_Promo_166) | https://www.tcgplayer.com/product/635288,,,https://pub-edb881114340454d8aae56176adec4f2.r2.dev/pokemon/635288.jpg,3006598c-f0ff-40c8-b228-9a72ff79d6af
bw,2010-12-17,BW Promo,BW-P,168/BW-P,unknown,UNKNOWN,jp,フライゴン,Flygon,artwork,Each exact Japanese promo has frozen individual-card evidence showing no official English-language physical printing.,https://bulbapedia.bulbagarden.net/wiki/Flygon_(BW-P_Promo_168) | https://www.tcgplayer.com/product/635154,,,https://pub-edb881114340454d8aae56176adec4f2.r2.dev/pokemon/635154.jpg,86eed34b-8aaf-4b19-85e3-6e08a30f9756
bw,2010-12-17,BW Promo,BW-P,191/BW-P,unknown,UNKNOWN,jp,オタマロ,Tympole,artwork,Each exact Japanese promo has frozen individual-card evidence showing no official English-language physical printing.,https://bulbapedia.bulbagarden.net/wiki/Tympole_(BW-P_Promo_191) | https://www.tcgplayer.com/product/635278,,,https://pub-edb881114340454d8aae56176adec4f2.r2.dev/pokemon/635278.jpg,573e0283-ca70-4b8c-b619-511d52dd807f
bw,2010-12-17,BW Promo,BW-P,198/BW-P,unknown,UNKNOWN,jp,ジャローダ,Serperior,artwork,Each exact Japanese promo has frozen individual-card evidence showing no official English-language physical printing.,https://bulbapedia.bulbagarden.net/wiki/Serperior_(BW-P_Promo_198) | https://www.tcgplayer.com/product/635249,,,https://pub-edb881114340454d8aae56176adec4f2.r2.dev/pokemon/635249.jpg,44b96df1-bc59-4921-a05f-1024d3db83b4
bw,2010-12-17,BW Promo,BW-P,221/BW-P,unknown,バトルカーニバル,jp,基本草エネルギー,Basic Grass Energy,stamps,,,The exact Japanese printing carries the Japan-only BW Battle Carnival event or campaign marking.,https://pokumon.com/card/grass-energy-221-bw-p-japanese-promo/ | https://bulbapedia.bulbagarden.net/wiki/Grass_Energy_%28BW-P_Promo_221%29,https://pub-edb881114340454d8aae56176adec4f2.r2.dev/pokemon/635097.jpg,ffa5b742-1c5e-4b2d-ab41-dfce72c3f199
bw,2010-12-17,BW Promo,BW-P,222/BW-P,unknown,バトルカーニバル,jp,基本炎エネルギー,Basic Fire Energy,stamps,,,The exact Japanese printing carries the Japan-only BW Battle Carnival event or campaign marking.,https://pokumon.com/card/fire-energy-222-bw-p-japanese-promo/ | https://bulbapedia.bulbagarden.net/wiki/Fire_Energy_%28BW-P_Promo_222%29,https://pub-edb881114340454d8aae56176adec4f2.r2.dev/pokemon/635093.jpg,aaa1cf19-c459-48bc-bddf-e082c00fd61d
bw,2010-12-17,BW Promo,BW-P,223/BW-P,unknown,バトルカーニバル,jp,基本水エネルギー,Basic Water Energy,stamps,,,The exact Japanese printing carries the Japan-only BW Battle Carnival event or campaign marking.,https://pokumon.com/card/water-energy-223-bw-p-japanese-promo/ | https://bulbapedia.bulbagarden.net/wiki/Water_Energy_%28BW-P_Promo_223%29,https://pub-edb881114340454d8aae56176adec4f2.r2.dev/pokemon/635113.jpg,1bd9e688-6a46-4fca-b39f-a9a74520c198
bw,2010-12-17,BW Promo,BW-P,224/BW-P,unknown,バトルカーニバル,jp,基本雷エネルギー,Basic Lightning Energy,stamps,,,The exact Japanese printing carries the Japan-only BW Battle Carnival event or campaign marking.,https://pokumon.com/card/lightning-energy-224-bw-p-japanese-promo/ | https://bulbapedia.bulbagarden.net/wiki/Lightning_Energy_%28BW-P_Promo_224%29,https://pub-edb881114340454d8aae56176adec4f2.r2.dev/pokemon/635101.jpg,a59f8634-cd5b-48f0-a077-243156ba7a34
bw,2010-12-17,BW Promo,BW-P,225/BW-P,unknown,バトルカーニバル,jp,基本超エネルギー,Basic Psychic Energy,stamps,,,The exact Japanese printing carries the Japan-only BW Battle Carnival event or campaign marking.,https://pokumon.com/card/psychic-energy-225-bw-p-japanese-promo/ | https://bulbapedia.bulbagarden.net/wiki/Psychic_Energy_%28BW-P_Promo_225%29,https://pub-edb881114340454d8aae56176adec4f2.r2.dev/pokemon/635109.jpg,094473fc-fdb1-4815-8c16-2c28208cc012
bw,2010-12-17,BW Promo,BW-P,226/BW-P,unknown,バトルカーニバル,jp,基本闘エネルギー,Basic Fighting Energy,stamps,,,The exact Japanese printing carries the Japan-only BW Battle Carnival event or campaign marking.,https://pokumon.com/card/fighting-energy-226-bw-p-japanese-promo/ | https://bulbapedia.bulbagarden.net/wiki/Fighting_Energy_%28BW-P_Promo_226%29,https://pub-edb881114340454d8aae56176adec4f2.r2.dev/pokemon/635089.jpg,73192f76-5045-424b-be4f-711e36357700
bw,2010-12-17,BW Promo,BW-P,227/BW-P,unknown,バトルカーニバル,jp,基本悪エネルギー,Basic Darkness Energy,stamps,,,The exact Japanese printing carries the Japan-only BW Battle Carnival event or campaign marking.,https://pokumon.com/card/darkness-energy-227-bw-p-japanese-promo/ | https://bulbapedia.bulbagarden.net/wiki/Darkness_Energy_%28BW-P_Promo_227%29,https://pub-edb881114340454d8aae56176adec4f2.r2.dev/pokemon/635085.jpg,9dca8f3e-ed00-451b-bf5e-0101d818b1ed
bw,2010-12-17,BW Promo,BW-P,228/BW-P,unknown,バトルカーニバル,jp,基本鋼エネルギー,Basic Metal Energy,stamps,,,The exact Japanese printing carries the Japan-only BW Battle Carnival event or campaign marking.,https://pokumon.com/card/metal-energy-228-bw-p-japanese-promo/ | https://bulbapedia.bulbagarden.net/wiki/Metal_Energy_%28BW-P_Promo_228%29,https://pub-edb881114340454d8aae56176adec4f2.r2.dev/pokemon/635105.jpg,482e3e11-dc53-4d27-a43e-18d8be30a53d
bw,2010-12-17,BW Promo,BW-P,233/BW-P,not_applicable,UNKNOWN,jp,シェイミ,Shaymin,artwork,Each exact Japanese promo has frozen individual-card evidence showing no official English-language physical printing.,https://bulbapedia.bulbagarden.net/wiki/Shaymin_(BW-P_Promo_233) | https://www.tcgplayer.com/product/635250,,,https://pub-edb881114340454d8aae56176adec4f2.r2.dev/pokemon/635250.jpg,bb424c54-e6e3-4241-b503-d674d4940916
bw,2010-12-17,BW Promo,BW-P,234/BW-P,not_applicable,UNKNOWN,jp,ビクティニ,Victini,artwork,Each exact Japanese promo has frozen individual-card evidence showing no official English-language physical printing.,https://bulbapedia.bulbagarden.net/wiki/Victini_(BW-P_Promo_234) | https://www.tcgplayer.com/product/635283,,,https://pub-edb881114340454d8aae56176adec4f2.r2.dev/pokemon/635283.jpg,26da3a77-857c-469a-bbcf-5c64bff581a0
bw,2012-03-16,リューズブラスト・リューノブレード DBL,BW5-DBL,008/050,first,1ED,jp,ブーバーン,Magmortar,artwork,This first-edition Dragon Blade Magmortar uses smoking artwork that was replaced internationally.,https://bulbapedia.bulbagarden.net/wiki/Magmortar_%28Dragon_Blade_8%29 | https://www.psacard.com/psasetregistry/tcg/key-card-sets/pokemon-japanese-censored-artwork-cards-1996-present/imagegallery/551897,,,https://pub-edb881114340454d8aae56176adec4f2.r2.dev/pokemon/601537.jpg,39a7449d-5027-4970-80ab-25db0d1456c5
bw,2012-03-16,リューズブラスト・リューノブレード DBL,BW5-DBL,008/050,unlimited,アンリミ,jp,ブーバーン,Magmortar,artwork,This unlimited Dragon Blade Magmortar uses smoking artwork that was replaced internationally.,https://bulbapedia.bulbagarden.net/wiki/Magmortar_%28Dragon_Blade_8%29 | https://www.psacard.com/psasetregistry/tcg/key-card-sets/pokemon-japanese-censored-artwork-cards-1996-present/imagegallery/551897,,,https://cdn.snkrdunk.com/upload_bg_removed/pkmn-tcg-7318057-yu.webp,d22d5dc6-eec7-4d92-b3da-724ea0e849de
xy,2013-12-13,XY Promo,XY-P,050/XY-P,not_applicable,UNKNOWN,jp,日本代表のピカチュウ,Team Japan's Pikachu,artwork,Each exact Japanese promo has frozen individual-card evidence showing no official English-language physical printing.,https://bulbapedia.bulbagarden.net/wiki/Team_Japan's_Pikachu_(XY-P_Promo_50) | https://www.tcgplayer.com/product/601955,,,https://pub-edb881114340454d8aae56176adec4f2.r2.dev/pokemon/601955.jpg,a6283149-cfcb-4ad7-b95d-d42d0d974595
xy,2013-12-13,XY Promo,XY-P,056/XY-P,not_applicable,UNKNOWN,jp,ポケテレのADピカチュウ,PokeTV's AD Pikachu,artwork,Each exact Japanese promo has frozen individual-card evidence showing no official English-language physical printing.,https://bulbapedia.bulbagarden.net/wiki/Pok%C3%A9TV's_AD_Pikachu_(XY-P_Promo_56) | https://www.tcgplayer.com/product/601961,,,https://pub-edb881114340454d8aae56176adec4f2.r2.dev/pokemon/601961.jpg,c9935e81-71e9-4235-8034-2d904ea80f22
xy,2013-12-13,XY Promo,XY-P,068/XY-P,not_applicable,UNKNOWN,jp,ピカチュウ,Pikachu,artwork,Each exact Japanese promo has frozen individual-card evidence showing no official English-language physical printing.,https://bulbapedia.bulbagarden.net/wiki/Pikachu_(XY-P_Promo_68) | https://www.tcgplayer.com/product/601973,,,https://pub-edb881114340454d8aae56176adec4f2.r2.dev/pokemon/601973.jpg,ec5068c8-6fe2-430f-8c56-614e0ca6439c
xy,2013-12-13,XY Promo,XY-P,090/XY-P,not_applicable,バトルフェスタ2014,jp,ピカチュウ,Pikachu,artwork,Each exact Japanese promo has frozen individual-card evidence showing no official English-language physical printing.,https://bulbapedia.bulbagarden.net/wiki/Pikachu_(XY-P_Promo_90) | https://www.tcgplayer.com/product/601995,,,https://pub-edb881114340454d8aae56176adec4f2.r2.dev/pokemon/601995.jpg,e2e951c5-9420-4cd0-ae04-3cf0e4395342
xy,2013-12-13,XY Promo,XY-P,094/XY-P,not_applicable,UNKNOWN,jp,あったかピカチュウ,Warm Pikachu,artwork,Each exact Japanese promo has frozen individual-card evidence showing no official English-language physical printing.,https://bulbapedia.bulbagarden.net/wiki/Warm_Pikachu_(XY-P_Promo_94) | https://www.tcgplayer.com/product/601999,,,https://pub-edb881114340454d8aae56176adec4f2.r2.dev/pokemon/601999.jpg,ad08ab39-8003-49a4-8726-4107d91c99cf
xy,2013-12-13,XY Promo,XY-P,098/XY-P,not_applicable,UNKNOWN,jp,メガトウキョーのピカチュウ,Mega Tokyo's Pikachu,artwork,Each exact Japanese promo has frozen individual-card evidence showing no official English-language physical printing.,https://bulbapedia.bulbagarden.net/wiki/Mega_Tokyo's_Pikachu_(XY-P_Promo_98) | https://www.tcgplayer.com/product/602003,,,https://pub-edb881114340454d8aae56176adec4f2.r2.dev/pokemon/602003.jpg,77810ce6-70d2-4157-9e71-ada5fd9ccb3f
xy,2013-12-13,XY Promo,XY-P,099/XY-P,not_applicable,UNKNOWN,jp,おきがえピカチュウ,Cosplay Pikachu,artwork,Each exact Japanese promo has frozen individual-card evidence showing no official English-language physical printing.,https://bulbapedia.bulbagarden.net/wiki/Cosplay_Pikachu_(XY-P_Promo_99) | https://www.tcgplayer.com/product/602004,,,https://pub-edb881114340454d8aae56176adec4f2.r2.dev/pokemon/602004.jpg,d8c48bbb-bc4a-4f17-96c0-aacc4f80093a
xy,2013-12-13,XY Promo,XY-P,111/XY-P,unknown,UNKNOWN,jp,ランターン,Lanturn,artwork,Each exact Japanese promo has frozen individual-card evidence showing no official English-language physical printing.,https://bulbapedia.bulbagarden.net/wiki/Lanturn_(XY-P_Promo_111) | https://www.tcgplayer.com/product/602016,,,https://pub-edb881114340454d8aae56176adec4f2.r2.dev/pokemon/602016.jpg,7eaaa7cb-ae21-4e08-b20c-56cea3c4fe68
xy,2013-12-13,XY Promo,XY-P,150/XY-P,not_applicable,UNKNOWN,jp,コイキングごっこピカチュウ,Pretend Magikarp Pikachu,artwork,Each exact Japanese promo has frozen individual-card evidence showing no official English-language physical printing.,https://bulbapedia.bulbagarden.net/wiki/Pretend_Magikarp_Pikachu_(XY-P_Promo_150) | https://www.tcgplayer.com/product/602055,,,https://pub-edb881114340454d8aae56176adec4f2.r2.dev/pokemon/602055.jpg,359612b0-4bf8-4a0a-9877-6543dfc9b4be
xy,2013-12-13,XY Promo,XY-P,151/XY-P,not_applicable,UNKNOWN,jp,ギャラドスごっこピカチュウ,Pretend Gyarados Pikachu,artwork,Each exact Japanese promo has frozen individual-card evidence showing no official English-language physical printing.,https://bulbapedia.bulbagarden.net/wiki/Pretend_Gyarados_Pikachu_(XY-P_Promo_151) | https://www.tcgplayer.com/product/602056,,,https://pub-edb881114340454d8aae56176adec4f2.r2.dev/pokemon/602056.jpg,d1f7c7c0-acae-4c05-9c3c-e4d2c02c1e1a
xy,2013-12-13,XY Promo,XY-P,151/XY-P,not_applicable,未開封,jp,ギャラドスごっこピカチュウ,Pretend Gyarados Pikachu,artwork,Each exact Japanese promo has frozen individual-card evidence showing no official English-language physical printing.,https://bulbapedia.bulbagarden.net/wiki/Pretend_Gyarados_Pikachu_(XY-P_Promo_151) | https://www.tcgplayer.com/product/602056,,,https://cdn.snkrdunk.com/upload_bg_removed/20250728011832-0.webp,7cdd5a45-24e7-453b-878d-faf851cfaf2b
xy,2013-12-13,XY Promo,XY-P,155/XY-P,not_applicable,UNKNOWN,jp,フーパ,Hoopa,artwork,Each exact Japanese promo has frozen individual-card evidence showing no official English-language physical printing.,https://bulbapedia.bulbagarden.net/wiki/Hoopa_(XY-P_Promo_155) | https://www.tcgplayer.com/product/602060,,,https://pub-edb881114340454d8aae56176adec4f2.r2.dev/pokemon/602060.jpg,e9447256-afea-4f14-93ea-8b5a405fd3cd
xy,2013-12-13,XY Promo,XY-P,203/XY-P,not_applicable,UNKNOWN,jp,ポンチョを着たピカチュウ,Poncho-wearing Pikachu,both,203/XY-P uses a multi-poncho Pikachu composition released only through a Japanese Pokémon Center campaign.,https://bulbapedia.bulbagarden.net/wiki/Poncho-wearing_Pikachu_%28XY-P_Promo_203%29 | https://www.elitefourum.com/t/japanese-exclusive-promo-gallery-numbered/38432,203/XY-P carries the Pokémon Center logo at the lower right of the illustration.,https://bulbapedia.bulbagarden.net/wiki/Poncho-wearing_Pikachu_%28XY-P_Promo_203%29 | https://www.elitefourum.com/t/japanese-exclusive-promo-gallery-numbered/38432,https://pub-edb881114340454d8aae56176adec4f2.r2.dev/pokemon/602107.jpg,c063f180-d3ab-4bd0-890c-1bdb6efc99c3
xy,2013-12-13,XY Promo,XY-P,207/XY-P,not_applicable,UNKNOWN,jp,ポンチョを着たピカチュウ,Poncho-wearing Pikachu,artwork,207/XY-P uses Mega Charizard X poncho artwork made for a Japanese Pokémon Center Special Box.,https://bulbapedia.bulbagarden.net/wiki/Poncho-wearing_Pikachu_%28XY-P_Promo_207%29 | https://www.pokemon-card.com/products/xy/boxlz.html,,,https://pub-edb881114340454d8aae56176adec4f2.r2.dev/pokemon/602111.jpg,291a7890-0fd8-4dfa-a4af-8e4d11b54b10
xy,2013-12-13,XY Promo,XY-P,207/XY-P,not_applicable,未開封,jp,ポンチョを着たピカチュウ,Poncho-wearing Pikachu,artwork,Each exact Japanese promo has frozen individual-card evidence showing no official English-language physical printing.,https://bulbapedia.bulbagarden.net/wiki/Poncho-wearing_Pikachu_(XY-P_Promo_207) | https://www.tcgplayer.com/product/602111,,,https://cdn.snkrdunk.com/upload_bg_removed/20241211070620-0.webp,3fc311c0-f90f-442a-9b90-8d8fe96f93b8
xy,2013-12-13,XY Promo,XY-P,208/XY-P,not_applicable,UNKNOWN,jp,ポンチョを着たピカチュウ,Poncho-wearing Pikachu,artwork,208/XY-P uses Mega Charizard Y poncho artwork made for a Japanese Pokémon Center Special Box.,https://bulbapedia.bulbagarden.net/wiki/Poncho-wearing_Pikachu_%28XY-P_Promo_208%29 | https://www.pokemon-card.com/products/xy/boxlz.html,,,https://pub-edb881114340454d8aae56176adec4f2.r2.dev/pokemon/602112.jpg,adef3f06-61e2-4e69-9b8d-718b956c51ac
xy,2013-12-13,XY Promo,XY-P,208/XY-P,not_applicable,未開封,jp,ポンチョを着たピカチュウ,Poncho-wearing Pikachu,artwork,Each exact Japanese promo has frozen individual-card evidence showing no official English-language physical printing.,https://bulbapedia.bulbagarden.net/wiki/Poncho-wearing_Pikachu_(XY-P_Promo_208) | https://www.tcgplayer.com/product/602112,,,https://cdn.snkrdunk.com/upload_bg_removed/20241211074009-0.webp,e17f512e-8882-413d-838b-ff1004f256db
xy,2013-12-13,XY Promo,XY-P,221/XY-P,not_applicable,UNKNOWN,jp,お公家さまと舞妓はんピカチュウ,Okuge-sama and Maiko-han Pikachu,artwork,Each exact Japanese promo has frozen individual-card evidence showing no official English-language physical printing.,https://bulbapedia.bulbagarden.net/wiki/Okuge-sama_and_Maiko-han_Pikachu_(XY-P_Promo_221) | https://www.tcgplayer.com/product/602125,,,https://pub-edb881114340454d8aae56176adec4f2.r2.dev/pokemon/602125.jpg,3ca12139-1551-4fd9-96ba-939982f81a73
xy,2013-12-13,XY Promo,XY-P,230/XY-P,not_applicable,UNKNOWN,jp,ポンチョを着たピカチュウ,Poncho-wearing Pikachu,artwork,230/XY-P uses a Rayquaza poncho composition created for a Japanese Pokémon Center Special Box.,https://bulbapedia.bulbagarden.net/wiki/Poncho-wearing_Pikachu_%28XY-P_Promo_230%29 | https://www.pokemon-card.com/products/xy/skytree.html,,,https://pub-edb881114340454d8aae56176adec4f2.r2.dev/pokemon/602134.jpg,4a13e641-50e8-4a9b-a766-745e72f468cf
xy,2013-12-13,XY Promo,XY-P,230/XY-P,not_applicable,未開封,jp,ポンチョを着たピカチュウ,Poncho-wearing Pikachu,artwork,Each exact Japanese promo has frozen individual-card evidence showing no official English-language physical printing.,https://bulbapedia.bulbagarden.net/wiki/Poncho-wearing_Pikachu_(XY-P_Promo_230) | https://www.tcgplayer.com/product/602134,,,https://cdn.snkrdunk.com/upload_bg_removed/20240725063625-0.webp,bbad90bf-a442-478f-9cf5-f6ad9672ff1a
xy,2013-12-13,XY Promo,XY-P,231/XY-P,not_applicable,UNKNOWN,jp,ポンチョを着たピカチュウ,Poncho-wearing Pikachu,artwork,231/XY-P uses a black Rayquaza poncho composition created for a Japanese Pokémon Center Special Box.,https://bulbapedia.bulbagarden.net/wiki/Poncho-wearing_Pikachu_%28XY-P_Promo_230%29 | https://www.pokemon-card.com/products/xy/skytree.html,,,https://pub-edb881114340454d8aae56176adec4f2.r2.dev/pokemon/602135.jpg,d2073ae9-9c81-48b4-add8-c2d4ac852448
xy,2013-12-13,XY Promo,XY-P,232/XY-P,not_applicable,UNKNOWN,jp,レックウザ,Rayquaza,artwork,Each exact Japanese promo has frozen individual-card evidence showing no official English-language physical printing.,https://bulbapedia.bulbagarden.net/wiki/Rayquaza_(XY-P_Promo_232) | https://www.tcgplayer.com/product/602136,,,https://pub-edb881114340454d8aae56176adec4f2.r2.dev/pokemon/602136.jpg,7de8b152-64d0-475a-b05b-9fab3dd87b8b
xy,2013-12-13,XY Promo,XY-P,248/XY-P,unknown,UNKNOWN,jp,ビクティニ,Victini,artwork,Each exact Japanese promo has frozen individual-card evidence showing no official English-language physical printing.,https://bulbapedia.bulbagarden.net/wiki/Victini_(XY-P_Promo_248) | https://www.tcgplayer.com/product/602152,,,https://pub-edb881114340454d8aae56176adec4f2.r2.dev/pokemon/602152.jpg,3439611e-2080-4b55-af9c-d6bb9ed8e44b
xy,2013-12-13,XY Promo,XY-P,266/XY-P,not_applicable,UNKNOWN,jp,ボルケニオン,Volcanion,artwork,Each exact Japanese promo has frozen individual-card evidence showing no official English-language physical printing.,https://bulbapedia.bulbagarden.net/wiki/Volcanion_(XY-P_Promo_266) | https://www.tcgplayer.com/product/602170,,,https://pub-edb881114340454d8aae56176adec4f2.r2.dev/pokemon/602170.jpg,53809f51-e094-40e4-87a9-f60da6cfef1f
xy,2013-12-13,XY Promo,XY-P,268/XY-P,not_applicable,UNKNOWN,jp,マギアナ,Magearna,artwork,Each exact Japanese promo has frozen individual-card evidence showing no official English-language physical printing.,https://bulbapedia.bulbagarden.net/wiki/Magearna_(XY-P_Promo_268) | https://www.tcgplayer.com/product/602172,,,https://pub-edb881114340454d8aae56176adec4f2.r2.dev/pokemon/602172.jpg,2b549a45-47ab-4d71-bfd4-c53c708ad5af
xy,2013-12-13,XY Promo,XY-P,274/XY-P,not_applicable,UNKNOWN,jp,ポンチョを着たピカチュウ,Poncho-wearing Pikachu,artwork,274/XY-P uses a multi-poncho Pikachu composition released only through Japanese Pokémon Center events.,https://bulbapedia.bulbagarden.net/wiki/Poncho-wearing_Pikachu_%28XY-P_Promo_274%29 | https://www.elitefourum.com/t/japanese-exclusive-promo-gallery-numbered/38432,,,https://pub-edb881114340454d8aae56176adec4f2.r2.dev/pokemon/602178.jpg,5962fa5d-2b16-4428-804b-4c8e5d75dd53
xy,2013-12-13,XY Promo,XY-P,275/XY-P,not_applicable,UNKNOWN,jp,ポンチョを着たピカチュウ,Poncho-wearing Pikachu,both,275/XY-P uses a multi-poncho Pikachu composition released only through Japanese Pokémon Center events.,https://bulbapedia.bulbagarden.net/wiki/Poncho-wearing_Pikachu_%28XY-P_Promo_203%29 | https://www.elitefourum.com/t/japanese-exclusive-promo-gallery-numbered/38432,275/XY-P carries the Pokémon Center logo at the lower right of the illustration.,https://bulbapedia.bulbagarden.net/wiki/Poncho-wearing_Pikachu_%28XY-P_Promo_203%29 | https://www.elitefourum.com/t/japanese-exclusive-promo-gallery-numbered/38432,https://pub-edb881114340454d8aae56176adec4f2.r2.dev/pokemon/602179.jpg,072f3684-5c1c-4d04-8a72-88976536f1d2
xy,2013-12-13,XY Promo,XY-P,279/XY-P,not_applicable,20thアニバーサリー,jp,ピカチュウ,Pikachu,artwork,Each exact Japanese promo has frozen individual-card evidence showing no official English-language physical printing.,https://bulbapedia.bulbagarden.net/wiki/Pikachu_(XY-P_Promo_279) | https://www.tcgplayer.com/product/602183,,,https://pub-edb881114340454d8aae56176adec4f2.r2.dev/pokemon/602183.jpg,4f3a461c-b41f-4188-949d-455e664b27f5
xy,2013-12-13,XY Promo,XY-P,293/XY-P,not_applicable,UNKNOWN,jp,マリオピカチュウ,Mario Pikachu,artwork,293/XY-P uses Mario crossover artwork created for the Japanese Mario Pikachu Special Box.,https://bulbapedia.bulbagarden.net/wiki/Mario_Pikachu_%28XY-P_Promo_293%29 | https://www.pokemon-card.com/card-search/details.php/card/32348,,,https://pub-edb881114340454d8aae56176adec4f2.r2.dev/pokemon/602197.jpg,79a14643-d108-4783-b6da-d3c3842d28e8
xy,2013-12-13,XY Promo,XY-P,294/XY-P,not_applicable,UNKNOWN,jp,マリオピカチュウ,Mario Pikachu,artwork,294/XY-P uses Mario crossover full-art created for the Japanese Mario Pikachu Special Box.,https://bulbapedia.bulbagarden.net/wiki/Mario_Pikachu_%28XY-P_Promo_293%29 | https://www.pokemon-card.com/card-search/details.php/card/32349/regu/all,,,https://pub-edb881114340454d8aae56176adec4f2.r2.dev/pokemon/602198.jpg,9e2f0e4c-2324-4759-b73e-a828ec12f60a
xy,2013-12-13,XY Promo,XY-P,295/XY-P,not_applicable,UNKNOWN,jp,ルイージピカチュウ,Luigi Pikachu,artwork,295/XY-P uses Luigi crossover artwork created for the Japanese Luigi Pikachu Special Box.,https://bulbapedia.bulbagarden.net/wiki/Luigi_Pikachu_%28XY-P_Promo_295%29 | https://www.pokemon-card.com/card-search/details.php/card/32350/regu/all,,,https://pub-edb881114340454d8aae56176adec4f2.r2.dev/pokemon/602199.jpg,dc0a587f-88b1-4f18-abdb-260d89f99ec7
xy,2013-12-13,XY Promo,XY-P,296/XY-P,not_applicable,UNKNOWN,jp,ルイージピカチュウ,Luigi Pikachu,artwork,296/XY-P uses Luigi crossover full-art created for the Japanese Luigi Pikachu Special Box.,https://bulbapedia.bulbagarden.net/wiki/Luigi_Pikachu_%28XY-P_Promo_295%29 | https://www.pokemon-card.com/card-search/details.php/card/32351/regu/all,,,https://pub-edb881114340454d8aae56176adec4f2.r2.dev/pokemon/602200.jpg,44396407-fe6b-44e4-b1d5-a63b80a0f7bc
xy,2013-12-13,XY Promo,XY-P,297/XY-P,not_applicable,UNKNOWN,jp,スズキサン,Suzukisan,artwork,Each exact Japanese promo has frozen individual-card evidence showing no official English-language physical printing.,https://bulbapedia.bulbagarden.net/wiki/Suzukisan_(XY-P_Promo_297) | https://www.tcgplayer.com/product/602201,,,https://pub-edb881114340454d8aae56176adec4f2.r2.dev/pokemon/602201.jpg,f87765cf-ec60-4a8d-b501-27ee6c3f964b
xy,2013-12-13,XY Promo,XY-P,298/XY-P,not_applicable,UNKNOWN,jp,MサチコEX,Sachiko,artwork,Each exact Japanese promo has frozen individual-card evidence showing no official English-language physical printing.,https://bulbapedia.bulbagarden.net/wiki/M_Sachiko-EX_(XY-P_Promo_298) | https://www.tcgplayer.com/product/602202,,,https://pub-edb881114340454d8aae56176adec4f2.r2.dev/pokemon/602202.jpg,b240c79e-4d57-4aa3-a697-3daa63aa0308
sm,2016-11-18,SM Promo,SM-P,005/SM-P,not_applicable,UNKNOWN,jp,サッポロのピカチュウ,Sapporo's Pikachu,artwork,Each exact Japanese promo has frozen individual-card evidence showing no official English-language physical printing.,https://bulbapedia.bulbagarden.net/wiki/Sapporo's_Pikachu_(SM-P_Promo_5) | https://www.tcgplayer.com/product/598082,,,https://pub-edb881114340454d8aae56176adec4f2.r2.dev/pokemon/598082.jpg,1b5718a7-adb1-4354-9b8e-31015f834681
sm,2016-11-18,SM Promo,SM-P,013/SM-P,not_applicable,UNKNOWN,jp,スカル団ごっこピカチュウ,Pretend Team Skull Pikachu,artwork,Each exact Japanese promo has frozen individual-card evidence showing no official English-language physical printing.,https://bulbapedia.bulbagarden.net/wiki/Pretend_Team_Skull_Pikachu_(SM-P_Promo_13) | https://www.tcgplayer.com/product/598090,,,https://pub-edb881114340454d8aae56176adec4f2.r2.dev/pokemon/598090.jpg,729a7a71-34a7-4905-82f3-78b637aba89d
sm,2016-11-18,SM Promo,SM-P,014/SM-P,not_applicable,UNKNOWN,jp,団員ごっこピカチュウ,Pretend Grunt Pikachu,artwork,Each exact Japanese promo has frozen individual-card evidence showing no official English-language physical printing.,https://bulbapedia.bulbagarden.net/wiki/Pretend_Grunt_Pikachu_(SM-P_Promo_14) | https://www.tcgplayer.com/product/598091,,,https://pub-edb881114340454d8aae56176adec4f2.r2.dev/pokemon/598091.jpg,b0dfa174-5998-4005-b140-648bcc565492
sm,2016-11-18,SM Promo,SM-P,037/SM-P,not_applicable,UNKNOWN,jp,ポンチョを着たピカチュウ,Poncho-wearing Pikachu,artwork,Each exact Japanese promo has frozen individual-card evidence showing no official English-language physical printing.,https://bulbapedia.bulbagarden.net/wiki/Poncho-wearing_Pikachu_(SM-P_Promo_37) | https://www.tcgplayer.com/product/598114,,,https://pub-edb881114340454d8aae56176adec4f2.r2.dev/pokemon/598114.jpg,b2275b95-18ec-422d-9204-a2846db4a942
sm,2016-11-18,SM Promo,SM-P,038/SM-P,not_applicable,UNKNOWN,jp,ポンチョを着たピカチュウ,Poncho-wearing Pikachu,artwork,Each exact Japanese promo has frozen individual-card evidence showing no official English-language physical printing.,https://bulbapedia.bulbagarden.net/wiki/Poncho-wearing_Pikachu_(SM-P_Promo_38) | https://www.tcgplayer.com/product/598115,,,https://pub-edb881114340454d8aae56176adec4f2.r2.dev/pokemon/598115.jpg,489d8924-ebd1-43f6-b0ef-e38333eeeb4d
sm,2016-11-18,SM Promo,SM-P,055/SM-P,not_applicable,UNKNOWN,jp,イースターのピカチュウ,Easter's Pikachu,artwork,Each exact Japanese promo has frozen individual-card evidence showing no official English-language physical printing.,https://bulbapedia.bulbagarden.net/wiki/Easter's_Pikachu_(SM-P_Promo_55) | https://www.tcgplayer.com/product/598132,,,https://pub-edb881114340454d8aae56176adec4f2.r2.dev/pokemon/598132.jpg,00d37c1a-e109-4464-b34d-f9ffa7c8f053
sm,2016-11-18,SM Promo,SM-P,059/SM-P,not_applicable,UNKNOWN,jp,ニャビー,Litten,artwork,Each exact Japanese promo has frozen individual-card evidence showing no official English-language physical printing.,https://bulbapedia.bulbagarden.net/wiki/Litten_(SM-P_Promo_59) | https://www.tcgplayer.com/product/598136,,,https://pub-edb881114340454d8aae56176adec4f2.r2.dev/pokemon/598136.jpg,ba2e4b98-c2fd-49d9-81ed-6ea606a4cbf9
sm,2016-11-18,SM Promo,SM-P,088/SM-P,not_applicable,UNKNOWN,jp,トウホクのピカチュウ,Tohoku's Pikachu,artwork,Each exact Japanese promo has frozen individual-card evidence showing no official English-language physical printing.,https://bulbapedia.bulbagarden.net/wiki/Tohoku's_Pikachu_(SM-P_Promo_88) | https://www.tcgplayer.com/product/598165,,,https://pub-edb881114340454d8aae56176adec4f2.r2.dev/pokemon/598165.jpg,4edf0d33-d1fa-459b-9645-30a332144fda
sm,2016-11-18,SM Promo,SM-P,089/SM-P,not_applicable,UNKNOWN,jp,ジラーチ,Jirachi,artwork,Each exact Japanese promo has frozen individual-card evidence showing no official English-language physical printing.,https://bulbapedia.bulbagarden.net/wiki/Jirachi_(SM-P_Promo_89) | https://www.tcgplayer.com/product/598166,,,https://pub-edb881114340454d8aae56176adec4f2.r2.dev/pokemon/598166.jpg,d2eead5c-2c9f-49b6-81b3-3ee41cbe7497
sm,2016-11-18,SM Promo,SM-P,128/SM-P,unknown,チャンピオンズリーグ2018,jp,基本草エネルギー,Basic Grass Energy,stamps,,,The exact Japanese printing carries the Japan-only Champions League 2018 event or campaign marking.,https://pokumon.com/card/grass-energy-128-sm-p-japanese-promo/ | https://bulbapedia.bulbagarden.net/wiki/Grass_Energy_%28SM-P_Promo_128%29,https://pub-edb881114340454d8aae56176adec4f2.r2.dev/pokemon/598205.jpg,c91d5910-9a6d-4214-99d5-90c3b372df80
sm,2016-11-18,SM Promo,SM-P,129/SM-P,unknown,チャンピオンズリーグ2018,jp,基本炎エネルギー,Basic Fire Energy,stamps,,,The exact Japanese printing carries the Japan-only Champions League 2018 event or campaign marking.,https://pokumon.com/card/fire-energy-129-sm-p-japanese-promo/ | https://bulbapedia.bulbagarden.net/wiki/Fire_Energy_%28SM-P_Promo_129%29,https://pub-edb881114340454d8aae56176adec4f2.r2.dev/pokemon/598206.jpg,e4e68d4a-0c12-48f5-bdc9-3ec38e676e53
sm,2016-11-18,SM Promo,SM-P,130/SM-P,unknown,チャンピオンズリーグ2018,jp,基本水エネルギー,Basic Water Energy,stamps,,,The exact Japanese printing carries the Japan-only Champions League 2018 event or campaign marking.,https://pokumon.com/card/water-energy-130-sm-p-japanese-promo/ | https://bulbapedia.bulbagarden.net/wiki/Water_Energy_%28SM-P_Promo_130%29,https://pub-edb881114340454d8aae56176adec4f2.r2.dev/pokemon/598207.jpg,6cd4ac70-15bc-4893-9887-badd5ff328e8
sm,2016-11-18,SM Promo,SM-P,131/SM-P,unknown,チャンピオンズリーグ2018,jp,基本雷エネルギー,Basic Lightning Energy,stamps,,,The exact Japanese printing carries the Japan-only Champions League 2018 event or campaign marking.,https://pokumon.com/card/lightning-energy-131-sm-p-japanese-promo/ | https://bulbapedia.bulbagarden.net/wiki/Lightning_Energy_%28SM-P_Promo_131%29,https://pub-edb881114340454d8aae56176adec4f2.r2.dev/pokemon/598208.jpg,511fda1f-4fe6-436e-bbf3-fa68c9b57b16
sm,2016-11-18,SM Promo,SM-P,132/SM-P,unknown,チャンピオンズリーグ2018,jp,基本超エネルギー,Basic Psychic Energy,stamps,,,The exact Japanese printing carries the Japan-only Champions League 2018 event or campaign marking.,https://pokumon.com/card/psychic-energy-132-sm-p-japanese-promo/ | https://bulbapedia.bulbagarden.net/wiki/Psychic_Energy_%28SM-P_Promo_132%29,https://pub-edb881114340454d8aae56176adec4f2.r2.dev/pokemon/598209.jpg,836497c6-88cd-457d-891b-510529ca8eaf
sm,2016-11-18,SM Promo,SM-P,133/SM-P,unknown,チャンピオンズリーグ2018,jp,基本闘エネルギー,Basic Fighting Energy,stamps,,,The exact Japanese printing carries the Japan-only Champions League 2018 event or campaign marking.,https://pokumon.com/card/fighting-energy-133-sm-p-japanese-promo/ | https://bulbapedia.bulbagarden.net/wiki/Fighting_Energy_%28SM-P_Promo_133%29,https://pub-edb881114340454d8aae56176adec4f2.r2.dev/pokemon/598210.jpg,15fd3205-cd89-412c-ad3f-7f2b4161f152
sm,2016-11-18,SM Promo,SM-P,134/SM-P,unknown,チャンピオンズリーグ2018,jp,基本悪エネルギー,Basic Darkness Energy,stamps,,,The exact Japanese printing carries the Japan-only Champions League 2018 event or campaign marking.,https://pokumon.com/card/darkness-energy-134-sm-p-japanese-promo/ | https://bulbapedia.bulbagarden.net/wiki/Darkness_Energy_%28SM-P_Promo_134%29,https://pub-edb881114340454d8aae56176adec4f2.r2.dev/pokemon/598211.jpg,525c83ee-3913-4835-8974-16cdbf4acb4a
sm,2016-11-18,SM Promo,SM-P,135/SM-P,unknown,チャンピオンズリーグ2018,jp,基本鋼エネルギー,Basic Metal Energy,stamps,,,The exact Japanese printing carries the Japan-only Champions League 2018 event or campaign marking.,https://pokumon.com/card/metal-energy-135-sm-p-japanese-promo/ | https://bulbapedia.bulbagarden.net/wiki/Metal_Energy_%28SM-P_Promo_135%29,https://pub-edb881114340454d8aae56176adec4f2.r2.dev/pokemon/598212.jpg,ac4e2f95-eaaf-4eb9-8532-9054af378137
sm,2016-11-18,SM Promo,SM-P,136/SM-P,unknown,チャンピオンズリーグ2018,jp,基本フェアリーエネルギー,Basic Fairy Energy,stamps,,,The exact Japanese printing carries the Japan-only Champions League 2018 event or campaign marking.,https://pokumon.com/card/fairy-energy-136-sm-p-japanese-promo/ | https://bulbapedia.bulbagarden.net/wiki/Fairy_Energy_%28SM-P_Promo_136%29,https://pub-edb881114340454d8aae56176adec4f2.r2.dev/pokemon/598213.jpg,20c098e4-4884-4e8f-89d3-6a9217430219
sm,2016-11-18,SM Promo,SM-P,137/SM-P,not_applicable,SW,jp,ポンチョを着たイーブイ,Poncho-wearing Eevee,artwork,Each exact Japanese promo has frozen individual-card evidence showing no official English-language physical printing.,https://bulbapedia.bulbagarden.net/wiki/Poncho-wearing_Eevee_(SM-P_Promo_137) | https://www.tcgplayer.com/product/598214,,,https://pub-edb881114340454d8aae56176adec4f2.r2.dev/pokemon/598214.jpg,9668a1ef-b4c6-4b7e-a643-b52dc0c6fe87
sm,2016-11-18,SM Promo,SM-P,138/SM-P,not_applicable,TD,jp,ポンチョを着たイーブイ,Poncho-wearing Eevee,artwork,Each exact Japanese promo has frozen individual-card evidence showing no official English-language physical printing.,https://bulbapedia.bulbagarden.net/wiki/Poncho-wearing_Eevee_(SM-P_Promo_138) | https://www.tcgplayer.com/product/598215,,,https://pub-edb881114340454d8aae56176adec4f2.r2.dev/pokemon/598215.jpg,35364296-4d10-4319-9dc1-3b03aebd92f9
sm,2016-11-18,SM Promo,SM-P,139/SM-P,not_applicable,BS,jp,ポンチョを着たイーブイ,Poncho-wearing Eevee,artwork,Each exact Japanese promo has frozen individual-card evidence showing no official English-language physical printing.,https://bulbapedia.bulbagarden.net/wiki/Poncho-wearing_Eevee_(SM-P_Promo_139) | https://www.tcgplayer.com/product/598216,,,https://pub-edb881114340454d8aae56176adec4f2.r2.dev/pokemon/598216.jpg,2425ffaa-dc8e-4de6-95f0-2367f96d2d57
sm,2016-11-18,SM Promo,SM-P,140/SM-P,not_applicable,EF,jp,ポンチョを着たイーブイ,Poncho-wearing Eevee,artwork,Each exact Japanese promo has frozen individual-card evidence showing no official English-language physical printing.,https://bulbapedia.bulbagarden.net/wiki/Poncho-wearing_Eevee_(SM-P_Promo_140) | https://www.tcgplayer.com/product/598217,,,https://pub-edb881114340454d8aae56176adec4f2.r2.dev/pokemon/598217.jpg,6308dee4-0900-413c-afdd-f80e8c8d82ac
sm,2016-11-18,SM Promo,SM-P,141/SM-P,not_applicable,BK,jp,ポンチョを着たイーブイ,Poncho-wearing Eevee,artwork,Each exact Japanese promo has frozen individual-card evidence showing no official English-language physical printing.,https://bulbapedia.bulbagarden.net/wiki/Poncho-wearing_Eevee_(SM-P_Promo_141) | https://www.tcgplayer.com/product/598218,,,https://pub-edb881114340454d8aae56176adec4f2.r2.dev/pokemon/598218.jpg,42814d74-a2b5-4f58-ab9f-37fb212f96c4
sm,2016-11-18,SM Promo,SM-P,142/SM-P,not_applicable,LF,jp,ポンチョを着たイーブイ,Poncho-wearing Eevee,artwork,Each exact Japanese promo has frozen individual-card evidence showing no official English-language physical printing.,https://bulbapedia.bulbagarden.net/wiki/Poncho-wearing_Eevee_(SM-P_Promo_142) | https://www.tcgplayer.com/product/598219,,,https://pub-edb881114340454d8aae56176adec4f2.r2.dev/pokemon/598219.jpg,c27ccc75-bdc0-42ef-a6fd-50a6c0fbe3d1
sm,2016-11-18,SM Promo,SM-P,143/SM-P,not_applicable,GC,jp,ポンチョを着たイーブイ,Poncho-wearing Eevee,artwork,Each exact Japanese promo has frozen individual-card evidence showing no official English-language physical printing.,https://bulbapedia.bulbagarden.net/wiki/Poncho-wearing_Eevee_(SM-P_Promo_143) | https://www.tcgplayer.com/product/598220,,,https://pub-edb881114340454d8aae56176adec4f2.r2.dev/pokemon/598220.jpg,3e4ced6f-6b03-4164-8cb1-c6718f28da68
sm,2016-11-18,SM Promo,SM-P,144/SM-P,not_applicable,NP,jp,ポンチョを着たイーブイ,Poncho-wearing Eevee,artwork,Each exact Japanese promo has frozen individual-card evidence showing no official English-language physical printing.,https://bulbapedia.bulbagarden.net/wiki/Poncho-wearing_Eevee_(SM-P_Promo_144) | https://www.tcgplayer.com/product/598221,,,https://pub-edb881114340454d8aae56176adec4f2.r2.dev/pokemon/598221.jpg,842d143c-885f-45a5-89ba-0a06af8ee75b
sm,2016-11-18,SM Promo,SM-P,146/SM-P,not_applicable,UNKNOWN,jp,ロコン,Vulpix,artwork,Each exact Japanese promo has frozen individual-card evidence showing no official English-language physical printing.,https://bulbapedia.bulbagarden.net/wiki/Vulpix_(SM-P_Promo_146) | https://www.tcgplayer.com/product/598223,,,https://pub-edb881114340454d8aae56176adec4f2.r2.dev/pokemon/598223.jpg,fa5ea2f8-16e2-47b8-9023-e2c82f5f1c0c
sm,2016-11-18,SM Promo,SM-P,147/SM-P,not_applicable,UNKNOWN,jp,アローラロコン,Alolan Vulpix,artwork,Each exact Japanese promo has frozen individual-card evidence showing no official English-language physical printing.,https://bulbapedia.bulbagarden.net/wiki/Alolan_Vulpix_(SM-P_Promo_147) | https://www.tcgplayer.com/product/598224,,,https://pub-edb881114340454d8aae56176adec4f2.r2.dev/pokemon/598224.jpg,5e1fe92c-2a41-4932-af97-0307b1b1dfa5
sm,2016-11-18,SM Promo,SM-P,170/SM-P,unknown,ファミリーマート,jp,基本草エネルギー,Basic Grass Energy,stamps,,,The exact Japanese printing carries the Japan-only Sun & Moon convenience-store campaigns event or campaign marking.,https://pokumon.com/card/grass-energy-170-sm-p-japanese-promo/ | https://bulbapedia.bulbagarden.net/wiki/Grass_Energy_%28SM-P_Promo_170%29,https://pub-edb881114340454d8aae56176adec4f2.r2.dev/pokemon/598247.jpg,84e27294-cf90-4352-81e7-00e08e94a447
sm,2016-11-18,SM Promo,SM-P,171/SM-P,unknown,ファミリーマートサークルKサンクスミラー,jp,基本草エネルギー,Basic Grass Energy,stamps,,,The exact Japanese printing carries the Japan-only Sun & Moon convenience-store campaigns event or campaign marking.,https://pokumon.com/card/grass-energy-171-sm-p-japanese-promo/ | https://bulbapedia.bulbagarden.net/wiki/Grass_Energy_%28SM-P_Promo_171%29,https://pub-edb881114340454d8aae56176adec4f2.r2.dev/pokemon/598248.jpg,9564f78e-cc27-4d1b-80f5-d611fa22987b
sm,2016-11-18,SM Promo,SM-P,173/SM-P,unknown,セブンイレブン,jp,基本炎エネルギー,Basic Fire Energy,stamps,,,The exact Japanese printing carries the Japan-only Sun & Moon convenience-store campaigns event or campaign marking.,https://pokumon.com/card/fire-energy-173-sm-p-japanese-promo/ | https://bulbapedia.bulbagarden.net/wiki/Fire_Energy_%28SM-P_Promo_173%29,https://pub-edb881114340454d8aae56176adec4f2.r2.dev/pokemon/598250.jpg,874d6dc5-29fe-4806-b311-a97d3c31a42e
sm,2016-11-18,SM Promo,SM-P,174/SM-P,unknown,"セブンイレブン, ミラー",jp,基本炎エネルギー,Basic Fire Energy,stamps,,,The exact Japanese printing carries the Japan-only Sun & Moon convenience-store campaigns event or campaign marking.,https://pokumon.com/card/fire-energy-174-sm-p-japanese-promo/ | https://bulbapedia.bulbagarden.net/wiki/Fire_Energy_%28SM-P_Promo_174%29,https://pub-edb881114340454d8aae56176adec4f2.r2.dev/pokemon/598251.jpg,32413b50-7aba-472d-9407-9515d67022f6
sm,2016-11-18,SM Promo,SM-P,176/SM-P,unknown,LAWSON,jp,基本水エネルギー,Basic Water Energy,stamps,,,The exact Japanese printing carries the Japan-only Sun & Moon convenience-store campaigns event or campaign marking.,https://pokumon.com/card/water-energy-176-sm-p-japanese-promo/ | https://bulbapedia.bulbagarden.net/wiki/Water_Energy_%28SM-P_Promo_176%29,https://pub-edb881114340454d8aae56176adec4f2.r2.dev/pokemon/598253.jpg,ca22f8cc-e9b7-493b-a29c-0e496d453974
sm,2016-11-18,SM Promo,SM-P,177/SM-P,unknown,"LAWSON, ミラー",jp,基本水エネルギー,Basic Water Energy,stamps,,,The exact Japanese printing carries the Japan-only Sun & Moon convenience-store campaigns event or campaign marking.,https://pokumon.com/card/water-energy-177-sm-p-japanese-promo/ | https://bulbapedia.bulbagarden.net/wiki/Water_Energy_%28SM-P_Promo_177%29,https://pub-edb881114340454d8aae56176adec4f2.r2.dev/pokemon/598254.jpg,4f40925c-c9b1-441c-9692-d3930e244694
sm,2016-11-18,SM Promo,SM-P,182/SM-P,unknown,ステーション,jp,基本草エネルギー,Basic Grass Energy,stamps,,,The exact Japanese printing carries the Japan-only Pokémon Card Station event or campaign marking.,https://pokumon.com/card/grass-energy-182-sm-p-japanese-promo/ | https://bulbapedia.bulbagarden.net/wiki/Grass_Energy_%28SM-P_Promo_182%29,https://pub-edb881114340454d8aae56176adec4f2.r2.dev/pokemon/598259.jpg,3f0bf3ca-f905-47b1-97dd-024ad9fca3af
sm,2016-11-18,SM Promo,SM-P,183/SM-P,unknown,ステーション,jp,基本炎エネルギー,Basic Fire Energy,stamps,,,The exact Japanese printing carries the Japan-only Pokémon Card Station event or campaign marking.,https://pokumon.com/card/fire-energy-183-sm-p-japanese-promo/ | https://bulbapedia.bulbagarden.net/wiki/Fire_Energy_%28SM-P_Promo_183%29,https://pub-edb881114340454d8aae56176adec4f2.r2.dev/pokemon/598260.jpg,0a3199ae-b6f4-4627-93a6-d525a02f54f2
sm,2016-11-18,SM Promo,SM-P,184/SM-P,unknown,ステーション,jp,基本水エネルギー,Basic Water Energy,stamps,,,The exact Japanese printing carries the Japan-only Pokémon Card Station event or campaign marking.,https://pokumon.com/card/water-energy-184-sm-p-japanese-promo/ | https://bulbapedia.bulbagarden.net/wiki/Water_Energy_%28SM-P_Promo_184%29,https://pub-edb881114340454d8aae56176adec4f2.r2.dev/pokemon/598261.jpg,27fda6ac-b164-4704-b94c-352328168e2e
sm,2016-11-18,SM Promo,SM-P,185/SM-P,unknown,ステーション,jp,基本雷エネルギー,Basic Lightning Energy,stamps,,,The exact Japanese printing carries the Japan-only Pokémon Card Station event or campaign marking.,https://pokumon.com/card/lightning-energy-185-sm-p-japanese-promo/ | https://bulbapedia.bulbagarden.net/wiki/Lightning_Energy_%28SM-P_Promo_185%29,https://pub-edb881114340454d8aae56176adec4f2.r2.dev/pokemon/598262.jpg,c3d5511b-038f-4265-ad87-761e1e17a753
sm,2016-11-18,SM Promo,SM-P,186/SM-P,unknown,ステーション,jp,基本超エネルギー,Basic Psychic Energy,stamps,,,The exact Japanese printing carries the Japan-only Pokémon Card Station event or campaign marking.,https://pokumon.com/card/psychic-energy-186-sm-p-japanese-promo/ | https://bulbapedia.bulbagarden.net/wiki/Psychic_Energy_%28SM-P_Promo_186%29,https://pub-edb881114340454d8aae56176adec4f2.r2.dev/pokemon/598263.jpg,c7eef506-93e2-4abf-a0c4-d34382069823
sm,2016-11-18,SM Promo,SM-P,187/SM-P,unknown,ステーション,jp,基本闘エネルギー,Basic Fighting Energy,stamps,,,The exact Japanese printing carries the Japan-only Pokémon Card Station event or campaign marking.,https://pokumon.com/card/fighting-energy-187-sm-p-japanese-promo/ | https://bulbapedia.bulbagarden.net/wiki/Fighting_Energy_%28SM-P_Promo_187%29,https://pub-edb881114340454d8aae56176adec4f2.r2.dev/pokemon/598264.jpg,066b9827-1388-48e4-ae4d-f3d3041244ad
sm,2016-11-18,SM Promo,SM-P,188/SM-P,not_applicable,ステーション,jp,基本悪エネルギー,Basic Darkness Energy,stamps,,,The exact Japanese printing carries the Japan-only Pokémon Card Station event or campaign marking.,https://pokumon.com/card/darkness-energy-188-sm-p-japanese-promo/ | https://bulbapedia.bulbagarden.net/wiki/Darkness_Energy_%28SM-P_Promo_188%29,https://pub-edb881114340454d8aae56176adec4f2.r2.dev/pokemon/598265.jpg,9c82cb8e-92e9-4c65-91a3-7a8a4c6b0765
sm,2016-11-18,SM Promo,SM-P,189/SM-P,unknown,ステーション,jp,基本鋼エネルギー,Basic Metal Energy,stamps,,,The exact Japanese printing carries the Japan-only Pokémon Card Station event or campaign marking.,https://pokumon.com/card/metal-energy-189-sm-p-japanese-promo/ | https://bulbapedia.bulbagarden.net/wiki/Metal_Energy_%28SM-P_Promo_189%29,https://pub-edb881114340454d8aae56176adec4f2.r2.dev/pokemon/598266.jpg,22aa0235-a264-4715-aec4-3aca6eb11999
sm,2016-11-18,SM Promo,SM-P,190/SM-P,unknown,ステーション,jp,基本フェアリーエネルギー,Basic Fairy Energy,stamps,,,The exact Japanese printing carries the Japan-only Pokémon Card Station event or campaign marking.,https://pokumon.com/card/fairy-energy-190-sm-p-japanese-promo/ | https://bulbapedia.bulbagarden.net/wiki/Fairy_Energy_%28SM-P_Promo_190%29,https://pub-edb881114340454d8aae56176adec4f2.r2.dev/pokemon/598267.jpg,331c4070-71c2-4542-8ee0-77cf00eb5f74
sm,2016-11-18,SM Promo,SM-P,191/SM-P,not_applicable,UNKNOWN,jp,ボスごっこピカチュウ ロケット団,Pretend Boss Pikachu,artwork,Each exact Japanese promo has frozen individual-card evidence showing no official English-language physical printing.,https://bulbapedia.bulbagarden.net/wiki/Pretend_Boss_Pikachu_(SM-P_Promo_191) | https://www.tcgplayer.com/product/598268,,,https://pub-edb881114340454d8aae56176adec4f2.r2.dev/pokemon/598268.jpg,fa85eeda-8c2b-4fdd-8627-b7501a17087f
sm,2016-11-18,SM Promo,SM-P,192/SM-P,not_applicable,UNKNOWN,jp,ボスごっこピカチュウ アクア団,Pretend Boss Pikachu,artwork,Each exact Japanese promo has frozen individual-card evidence showing no official English-language physical printing.,https://bulbapedia.bulbagarden.net/wiki/Pretend_Boss_Pikachu_(SM-P_Promo_192) | https://www.tcgplayer.com/product/598269,,,https://pub-edb881114340454d8aae56176adec4f2.r2.dev/pokemon/598269.jpg,8b6b2bcb-d728-4eaa-8738-7e91abb8ea5c
sm,2016-11-18,SM Promo,SM-P,193/SM-P,not_applicable,UNKNOWN,jp,ボスごっこピカチュウ マグマ団,Pretend Boss Pikachu,artwork,Each exact Japanese promo has frozen individual-card evidence showing no official English-language physical printing.,https://bulbapedia.bulbagarden.net/wiki/Pretend_Boss_Pikachu_(SM-P_Promo_193) | https://www.tcgplayer.com/product/598270,,,https://pub-edb881114340454d8aae56176adec4f2.r2.dev/pokemon/598270.jpg,cd55c425-ca8d-4c6d-bee0-bfd685a8105b
sm,2016-11-18,SM Promo,SM-P,194/SM-P,not_applicable,UNKNOWN,jp,ボスごっこピカチュウ ギンガ団,Pretend Boss Pikachu,artwork,Each exact Japanese promo has frozen individual-card evidence showing no official English-language physical printing.,https://bulbapedia.bulbagarden.net/wiki/Pretend_Boss_Pikachu_(SM-P_Promo_194) | https://www.tcgplayer.com/product/598271,,,https://pub-edb881114340454d8aae56176adec4f2.r2.dev/pokemon/598271.jpg,d5028e31-e242-4f47-881e-a4853aa30fd1
sm,2016-11-18,SM Promo,SM-P,195/SM-P,not_applicable,UNKNOWN,jp,ボスごっこピカチュウ プラズマ団,Pretend Boss Pikachu,artwork,Each exact Japanese promo has frozen individual-card evidence showing no official English-language physical printing.,https://bulbapedia.bulbagarden.net/wiki/Pretend_Boss_Pikachu_(SM-P_Promo_195) | https://www.tcgplayer.com/product/598272,,,https://pub-edb881114340454d8aae56176adec4f2.r2.dev/pokemon/598272.jpg,95a49902-d5e5-4d29-af5e-8d01659d6f42
sm,2016-11-18,SM Promo,SM-P,196/SM-P,not_applicable,UNKNOWN,jp,ボスごっこピカチュウ フレア団,Pretend Boss Pikachu,artwork,Each exact Japanese promo has frozen individual-card evidence showing no official English-language physical printing.,https://bulbapedia.bulbagarden.net/wiki/Pretend_Boss_Pikachu_(SM-P_Promo_196) | https://www.tcgplayer.com/product/598273,,,https://pub-edb881114340454d8aae56176adec4f2.r2.dev/pokemon/598273.jpg,07d209e1-8815-4280-b017-676352436524
sm,2016-11-18,SM Promo,SM-P,197/SM-P,not_applicable,UNKNOWN,jp,ボスごっこピカチュウ スカル団,Pretend Boss Pikachu,artwork,Each exact Japanese promo has frozen individual-card evidence showing no official English-language physical printing.,https://bulbapedia.bulbagarden.net/wiki/Pretend_Boss_Pikachu_(SM-P_Promo_197) | https://www.tcgplayer.com/product/598274,,,https://pub-edb881114340454d8aae56176adec4f2.r2.dev/pokemon/598274.jpg,e798eed8-c2dd-4c36-96e3-0fbb5a7db31c
sm,2016-11-18,SM Promo,SM-P,200/SM-P,not_applicable,UNKNOWN,jp,ピカチュウ,Pikachu,artwork,Each exact Japanese promo has frozen individual-card evidence showing no official English-language physical printing.,https://bulbapedia.bulbagarden.net/wiki/Pikachu_(SM-P_Promo_200) | https://www.tcgplayer.com/product/598277,,,https://pub-edb881114340454d8aae56176adec4f2.r2.dev/pokemon/598277.jpg,4f72bb65-11a3-413d-b767-f26e50e51bf7
sm,2016-11-18,SM Promo,SM-P,208/SM-P,not_applicable,UNKNOWN,jp,袴姿のピカチュウ,Hakama Pikachu,artwork,Each exact Japanese promo has frozen individual-card evidence showing no official English-language physical printing.,https://bulbapedia.bulbagarden.net/wiki/Hakama_Pikachu_(SM-P_Promo_208) | https://www.tcgplayer.com/product/598285,,,https://pub-edb881114340454d8aae56176adec4f2.r2.dev/pokemon/598285.jpg,897af754-6f68-4a42-82ab-920037811580
sm,2016-11-18,SM Promo,SM-P,209/SM-P,not_applicable,UNKNOWN,jp,火消し姿のピカチュウ,Firefighter Pikachu,artwork,Each exact Japanese promo has frozen individual-card evidence showing no official English-language physical printing.,https://bulbapedia.bulbagarden.net/wiki/Firefighter_Pikachu_(SM-P_Promo_209) | https://www.tcgplayer.com/product/598286,,,https://pub-edb881114340454d8aae56176adec4f2.r2.dev/pokemon/598286.jpg,391d0788-8baa-4720-a15e-2abcc1559c83
sm,2016-11-18,SM Promo,SM-P,210/SM-P,not_applicable,UNKNOWN,jp,紳士風のピカチュウ,Gentlemanly Pikachu,artwork,Each exact Japanese promo has frozen individual-card evidence showing no official English-language physical printing.,https://bulbapedia.bulbagarden.net/wiki/Gentlemanly_Pikachu_(SM-P_Promo_210) | https://www.tcgplayer.com/product/598287,,,https://pub-edb881114340454d8aae56176adec4f2.r2.dev/pokemon/598287.jpg,d07cd736-4102-4a8d-8e6c-1fc35356f44b
sm,2016-11-18,SM Promo,SM-P,211/SM-P,not_applicable,UNKNOWN,jp,桜アフロのピカチュウ,Cherry Blossom Afro Pikachu,artwork,Each exact Japanese promo has frozen individual-card evidence showing no official English-language physical printing.,https://bulbapedia.bulbagarden.net/wiki/Cherry_Blossom_Afro_Pikachu_(SM-P_Promo_211) | https://www.tcgplayer.com/product/598288,,,https://pub-edb881114340454d8aae56176adec4f2.r2.dev/pokemon/598288.jpg,fe99c652-fbbb-4890-8458-a1a2a143938a
sm,2016-11-18,SM Promo,SM-P,224/SM-P,not_applicable,UNKNOWN,jp,ピカチュウ,Pikachu,both,This exact Japanese promo artwork has a frozen individual-card history with no official English physical printing.,https://bulbapedia.bulbagarden.net/wiki/Pikachu_(SM-P_Promo_224) | https://www.tcgplayer.com/product/598301,224/SM-P carries the Pokémon Center 20th Anniversary campaign logo on the Japanese printing.,https://bulbapedia.bulbagarden.net/wiki/Pikachu_%28SM-P_Promo_224%29 | https://www.psacard.com/cert/95143789/psa,https://pub-edb881114340454d8aae56176adec4f2.r2.dev/pokemon/598301.jpg,0b4ad3d2-5bce-4b76-9e4f-118808324fe9
sm,2016-11-18,SM Promo,SM-P,225/SM-P,not_applicable,UNKNOWN,jp,シェイミ,Shaymin,artwork,Each exact Japanese promo has frozen individual-card evidence showing no official English-language physical printing.,https://bulbapedia.bulbagarden.net/wiki/Shaymin_(SM-P_Promo_225) | https://www.tcgplayer.com/product/598302,,,https://pub-edb881114340454d8aae56176adec4f2.r2.dev/pokemon/598302.jpg,8a8d7f11-b99b-41ce-ab19-fecec6bdc6ce
sm,2016-11-18,SM Promo,SM-P,227/SM-P,not_applicable,UNKNOWN,jp,ピカチュウ,Pikachu,artwork,Each exact Japanese promo has frozen individual-card evidence showing no official English-language physical printing.,https://bulbapedia.bulbagarden.net/wiki/Pikachu_(SM-P_Promo_227) | https://www.tcgplayer.com/product/598304,,,https://pub-edb881114340454d8aae56176adec4f2.r2.dev/pokemon/598304.jpg,a4a06409-9909-4798-8570-41ff9740133a
sm,2016-11-18,SM Promo,SM-P,248/SM-P,not_applicable,2018,jp,プレイヤーズセレモニー,Player's Ceremony,artwork,Each exact Japanese promo has frozen individual-card evidence showing no official English-language physical printing.,https://bulbapedia.bulbagarden.net/wiki/Player's_Ceremony_(SM-P_Promo_248) | https://www.tcgplayer.com/product/598325,,,https://pub-edb881114340454d8aae56176adec4f2.r2.dev/pokemon/598325.jpg,fa283955-58e3-4946-a2e4-f895f4c1c123
sm,2016-11-18,SM Promo,SM-P,255/SM-P,unknown,UNKNOWN,jp,アローラニャース,Alolan Meowth,artwork,Each exact Japanese promo has frozen individual-card evidence showing no official English-language physical printing.,https://bulbapedia.bulbagarden.net/wiki/Alolan_Meowth_(SM-P_Promo_255) | https://www.tcgplayer.com/product/598332,,,https://pub-edb881114340454d8aae56176adec4f2.r2.dev/pokemon/598332.jpg,8f3fccff-3b98-47c6-8275-581e4d5514b9
sm,2016-11-18,SM Promo,SM-P,259/SM-P,unknown,UNKNOWN,jp,ニャビー,Litten,artwork,Each exact Japanese promo has frozen individual-card evidence showing no official English-language physical printing.,https://bulbapedia.bulbagarden.net/wiki/Litten_(SM-P_Promo_259) | https://www.tcgplayer.com/product/598336,,,https://pub-edb881114340454d8aae56176adec4f2.r2.dev/pokemon/598336.jpg,70697d8e-9a7a-47d1-83b2-6c35722e5ecd
sm,2016-11-18,SM Promo,SM-P,260/SM-P,unknown,UNKNOWN,jp,ハリマロン,Chespin,artwork,Each exact Japanese promo has frozen individual-card evidence showing no official English-language physical printing.,https://bulbapedia.bulbagarden.net/wiki/Chespin_(SM-P_Promo_260) | https://www.tcgplayer.com/product/598337,,,https://pub-edb881114340454d8aae56176adec4f2.r2.dev/pokemon/598337.jpg,15188062-e79e-41b0-908d-64b9c39094b8
sm,2016-11-18,SM Promo,SM-P,261/SM-P,unknown,UNKNOWN,jp,マーイーカ,Inkay,artwork,Each exact Japanese promo has frozen individual-card evidence showing no official English-language physical printing.,https://bulbapedia.bulbagarden.net/wiki/Inkay_(SM-P_Promo_261) | https://www.tcgplayer.com/product/598338,,,https://pub-edb881114340454d8aae56176adec4f2.r2.dev/pokemon/598338.jpg,fd6c80b9-e853-44be-a495-0eea5ecc1fe6
sm,2016-11-18,SM Promo,SM-P,270/SM-P,not_applicable,UNKNOWN,jp,レッドのピカチュウ,Red's Pikachu,artwork,Each exact Japanese promo has frozen individual-card evidence showing no official English-language physical printing.,https://bulbapedia.bulbagarden.net/wiki/Red's_Pikachu_(SM-P_Promo_270) | https://www.tcgplayer.com/product/598347,,,https://pub-edb881114340454d8aae56176adec4f2.r2.dev/pokemon/598347.jpg,9029d500-2d10-4d04-88d3-fff0cf131fe2
sm,2016-11-18,SM Promo,SM-P,280/SM-P,not_applicable,UNKNOWN,jp,ヨコハマのピカチュウ,Yokohama's Pikachu,artwork,Each exact Japanese promo has frozen individual-card evidence showing no official English-language physical printing.,https://bulbapedia.bulbagarden.net/wiki/Yokohama's_Pikachu_(SM-P_Promo_280) | https://www.tcgplayer.com/product/598357,,,https://pub-edb881114340454d8aae56176adec4f2.r2.dev/pokemon/598357.jpg,e226254d-fb88-4ebd-90a7-0ed6939cf630
sm,2016-11-18,SM Promo,SM-P,281/SM-P,not_applicable,UNKNOWN,jp,ヨコハマのピカチュウ,Yokohama's Pikachu,artwork,Each exact Japanese promo has frozen individual-card evidence showing no official English-language physical printing.,https://bulbapedia.bulbagarden.net/wiki/Yokohama's_Pikachu_(SM-P_Promo_281) | https://www.tcgplayer.com/product/598358,,,https://pub-edb881114340454d8aae56176adec4f2.r2.dev/pokemon/598358.jpg,4a0d33a2-3aa8-47ac-92dc-e0319969ed09
sm,2016-11-18,SM Promo,SM-P,282/SM-P,not_applicable,UNKNOWN,jp,ヨコハマのピカチュウ,Yokohama's Pikachu,artwork,Each exact Japanese promo has frozen individual-card evidence showing no official English-language physical printing.,https://bulbapedia.bulbagarden.net/wiki/Yokohama's_Pikachu_(SM-P_Promo_282) | https://www.tcgplayer.com/product/598359,,,https://pub-edb881114340454d8aae56176adec4f2.r2.dev/pokemon/598359.jpg,297c3b81-f0f4-4922-8211-d4282ecc8ab7
sm,2016-11-18,SM Promo,SM-P,283/SM-P,not_applicable,UNKNOWN,jp,ヨコハマのピカチュウ,Yokohama's Pikachu,artwork,Each exact Japanese promo has frozen individual-card evidence showing no official English-language physical printing.,https://bulbapedia.bulbagarden.net/wiki/Yokohama's_Pikachu_(SM-P_Promo_283) | https://www.tcgplayer.com/product/598360,,,https://pub-edb881114340454d8aae56176adec4f2.r2.dev/pokemon/598360.jpg,e84970fa-d137-4704-9a2c-8f38b02e847f
sm,2016-11-18,SM Promo,SM-P,286/SM-P,not_applicable,ムンク,jp,コダック,Psyduck,artwork,286/SM-P uses a Psyduck composition created for the Japan-only Munch exhibition collaboration.,https://bulbapedia.bulbagarden.net/wiki/Psyduck_%28SM-P_Promo_286%29 | https://www.pokemon-card.com/info/2018/20181015_001440.html,,,https://pub-edb881114340454d8aae56176adec4f2.r2.dev/pokemon/598363.jpg,0190ed4b-72bd-433b-9a3b-570a477bfc75
sm,2016-11-18,SM Promo,SM-P,287/SM-P,not_applicable,ムンク,jp,イーブイ,Eevee,artwork,287/SM-P uses an Eevee composition created for the Japan-only Munch exhibition collaboration.,https://bulbapedia.bulbagarden.net/wiki/Eevee_%28SM-P_Promo_287%29 | https://www.pokemon-card.com/info/2018/20181015_001440.html,,,https://pub-edb881114340454d8aae56176adec4f2.r2.dev/pokemon/598364.jpg,51241d7a-2d1e-43f6-84d7-7acf86f5e161
sm,2016-11-18,SM Promo,SM-P,288/SM-P,not_applicable,ムンク,jp,ピカチュウ,Pikachu,artwork,288/SM-P uses a Pikachu composition created for the Japan-only Munch exhibition collaboration.,https://bulbapedia.bulbagarden.net/wiki/Pikachu_%28SM-P_Promo_288%29 | https://www.pokemon-card.com/info/2018/20181015_001440.html,,,https://pub-edb881114340454d8aae56176adec4f2.r2.dev/pokemon/598365.jpg,a2084bc5-014a-4ecd-aa69-16d3e03524f0
sm,2016-11-18,SM Promo,SM-P,289/SM-P,not_applicable,ムンク,jp,ミミッキュ,Mimikyu,artwork,289/SM-P uses a Mimikyu composition created for the Japan-only Munch exhibition collaboration.,https://bulbapedia.bulbagarden.net/wiki/Mimikyu_%28SM-P_Promo_289%29 | https://www.pokemon-card.com/info/2018/20181015_001440.html,,,https://pub-edb881114340454d8aae56176adec4f2.r2.dev/pokemon/598366.jpg,8a2cc069-54b1-42c9-92ed-2ae012753203
sm,2016-11-18,SM Promo,SM-P,290/SM-P,not_applicable,ムンク,jp,モクロー,Rowlet,artwork,290/SM-P uses a Rowlet composition created for the Japan-only Munch exhibition collaboration.,https://bulbapedia.bulbagarden.net/wiki/Rowlet_%28SM-P_Promo_290%29 | https://www.pokemon-card.com/info/2018/20181015_001440.html,,,https://pub-edb881114340454d8aae56176adec4f2.r2.dev/pokemon/598367.jpg,1e39a030-6f32-45da-bfb3-9adc742d7e27
sm,2016-11-18,SM Promo,SM-P,320/SM-P,not_applicable,UNKNOWN,jp,あばれる君,Abareru-kun,artwork,Each exact Japanese promo has frozen individual-card evidence showing no official English-language physical printing.,https://bulbapedia.bulbagarden.net/wiki/Abareru-kun_(SM-P_Promo_320) | https://www.tcgplayer.com/product/598397,,,https://pub-edb881114340454d8aae56176adec4f2.r2.dev/pokemon/598397.jpg,69cb57df-0459-4ce0-8d56-16184351f3d7
sm,2016-11-18,SM Promo,SM-P,325/SM-P,not_applicable,UNKNOWN,jp,お茶会ごっこピカチュウ,Pretend Tea Ceremony Pikachu,artwork,Each exact Japanese promo has frozen individual-card evidence showing no official English-language physical printing.,https://bulbapedia.bulbagarden.net/wiki/Pretend_Tea_Ceremony_Pikachu_(SM-P_Promo_325) | https://www.tcgplayer.com/product/598402,,,https://pub-edb881114340454d8aae56176adec4f2.r2.dev/pokemon/598402.jpg,09079fa5-2b9c-48b0-9dbb-cfd27d2008e4
sm,2016-11-18,SM Promo,SM-P,328/SM-P,unknown,UNKNOWN,jp,おとりよせパッド,Order Pad,stamps,,,328/SM-P carries the Japan Event Organizer logo; the underlying artwork also appeared internationally.,https://bulbapedia.bulbagarden.net/wiki/Order_Pad_%28Ultra_Prism_131%29 | https://pokumon.com/card/order-pad-328-sm-p-japanese-promo/,https://pub-edb881114340454d8aae56176adec4f2.r2.dev/pokemon/598405.jpg,07eb02b7-b446-43aa-ac0d-0350966d84b3
sm,2016-11-18,SM Promo,SM-P,329/SM-P,unknown,UNKNOWN,jp,ともだちてちょう,Pal Pad,stamps,,,329/SM-P carries the Japan Event Organizer logo; the underlying artwork also appeared internationally.,https://bulbapedia.bulbagarden.net/wiki/Pal_Pad_%28Flashfire_92%29 | https://pokumon.com/card/pal-pad-329-sm-p-japanese-promo/,https://pub-edb881114340454d8aae56176adec4f2.r2.dev/pokemon/598406.jpg,85889ef7-bab0-4a0b-9314-3b9cb328620d
sm,2016-11-18,SM Promo,SM-P,330/SM-P,unknown,UNKNOWN,jp,ポケモン通信,Pokemon Communication,stamps,,,330/SM-P carries the Japan Event Organizer logo; the underlying artwork also appeared internationally.,https://bulbapedia.bulbagarden.net/wiki/Pok%C3%A9mon_Communication_%28HeartGold_%26_SoulSilver_98%29 | https://pokumon.com/card/pokemon-communication-330-sm-p-japanese-promo/,https://pub-edb881114340454d8aae56176adec4f2.r2.dev/pokemon/598407.jpg,4186b2b6-781a-4476-a9ba-46615324cb7b
sm,2016-11-18,SM Promo,SM-P,331/SM-P,unknown,UNKNOWN,jp,モーモーミルク,Moomoo Milk,stamps,,,331/SM-P carries the Japan Event Organizer logo; the underlying artwork also appeared internationally.,https://bulbapedia.bulbagarden.net/wiki/Moomoo_Milk | https://pokumon.com/card/moo-moo-milk-331-sm-p-japanese-promo/,https://pub-edb881114340454d8aae56176adec4f2.r2.dev/pokemon/598408.jpg,0bba7d16-e2e9-4d25-892d-7be064881b6a
sm,2016-11-18,SM Promo,SM-P,332/SM-P,unknown,UNKNOWN,jp,こだわりメット,Choice Helmet,stamps,,,332/SM-P carries the Japan Event Organizer logo; the underlying artwork also appeared internationally.,https://bulbapedia.bulbagarden.net/wiki/Choice_Helmet_%28Lost_Thunder_169%29 | https://pokumon.com/card/choice-helmet-332-sm-p-japanese-promo/,https://pub-edb881114340454d8aae56176adec4f2.r2.dev/pokemon/598409.jpg,ed067a67-db7c-493e-8975-bddabaff2642
sm,2016-11-18,SM Promo,SM-P,333/SM-P,unknown,UNKNOWN,jp,カヒリ,Kahili,stamps,,,333/SM-P carries the Japan Event Organizer logo; the underlying artwork also appeared internationally.,https://bulbapedia.bulbagarden.net/wiki/Kahili_%28Lost_Thunder_179%29 | https://pokumon.com/card/kahili-333-sm-p-japanese-promo/,https://pub-edb881114340454d8aae56176adec4f2.r2.dev/pokemon/598410.jpg,552cf994-b4f6-4062-99e1-bb21ea7d9e6e
sm,2016-11-18,SM Promo,SM-P,334/SM-P,unknown,UNKNOWN,jp,ジャッジマン,Judge,stamps,,,334/SM-P carries the Japan Event Organizer logo; the underlying artwork also appeared internationally.,https://bulbapedia.bulbagarden.net/wiki/Judge_%28SM-P_Promo_334%29 | https://pokumon.com/card/judge-334-sm-p-japanese-promo/,https://pub-edb881114340454d8aae56176adec4f2.r2.dev/pokemon/598411.jpg,a1bc5c4b-71a7-4a97-b04f-a478ea1c69c4
sm,2016-11-18,SM Promo,SM-P,335/SM-P,unknown,UNKNOWN,jp,シロナ,Cynthia,stamps,,,335/SM-P carries the Japan Event Organizer logo; the underlying artwork also appeared internationally.,https://bulbapedia.bulbagarden.net/wiki/Cynthia_%28Ultra_Prism_119%29 | https://pokumon.com/card/cynthia-335-sm-p-japanese-promo/,https://pub-edb881114340454d8aae56176adec4f2.r2.dev/pokemon/598412.jpg,1af68076-dfc0-4ac4-95a8-d96ea7fd1c4f
sm,2016-11-18,SM Promo,SM-P,336/SM-P,unknown,UNKNOWN,jp,ポケモンだいすきクラブ,Pokemon Fan Club,stamps,,,336/SM-P carries the Japan Event Organizer logo; the underlying artwork also appeared internationally.,https://bulbapedia.bulbagarden.net/wiki/Pok%C3%A9mon_Fan_Club_%28SM-P_Promo_336%29 | https://pokumon.com/card/pokemon-fan-club-336-sm-p-japanese-promo/,https://pub-edb881114340454d8aae56176adec4f2.r2.dev/pokemon/598413.jpg,0429c275-17d7-438a-964e-6ab203de337f
sm,2016-11-18,SM Promo,SM-P,344/SM-P,unknown,"ステーション, SM新デザイン",jp,基本草エネルギー,Basic Grass Energy,stamps,,,The exact Japanese printing carries the Japan-only Pokémon Card Station event or campaign marking.,https://pokumon.com/card/grass-energy-344-sm-p-japanese-promo/ | https://bulbapedia.bulbagarden.net/wiki/Grass_Energy_%28SM-P_Promo_344%29,https://pub-edb881114340454d8aae56176adec4f2.r2.dev/pokemon/598421.jpg,560f13ba-a246-4ec3-8412-02717103c54f
sm,2016-11-18,SM Promo,SM-P,345/SM-P,unknown,"ステーション, SM新デザイン",jp,基本炎エネルギー,Basic Fire Energy,stamps,,,The exact Japanese printing carries the Japan-only Pokémon Card Station event or campaign marking.,https://pokumon.com/card/fire-energy-345-sm-p-japanese-promo/ | https://bulbapedia.bulbagarden.net/wiki/Fire_Energy_%28SM-P_Promo_345%29,https://pub-edb881114340454d8aae56176adec4f2.r2.dev/pokemon/598422.jpg,ebba3ebc-aa81-4c2c-84b5-16444644c243
sm,2016-11-18,SM Promo,SM-P,346/SM-P,unknown,"ステーション, SM新デザイン",jp,基本水エネルギー,Basic Water Energy,stamps,,,The exact Japanese printing carries the Japan-only Pokémon Card Station event or campaign marking.,https://pokumon.com/card/water-energy-346-sm-p-japanese-promo/ | https://bulbapedia.bulbagarden.net/wiki/Water_Energy_%28SM-P_Promo_346%29,https://pub-edb881114340454d8aae56176adec4f2.r2.dev/pokemon/598423.jpg,f7a8f00c-1e8e-44bc-bbac-46b2bbc245f7
sm,2016-11-18,SM Promo,SM-P,347/SM-P,unknown,"ステーション, SM新デザイン",jp,基本雷エネルギー,Basic Lightning Energy,stamps,,,The exact Japanese printing carries the Japan-only Pokémon Card Station event or campaign marking.,https://pokumon.com/card/lightning-energy-347-sm-p-japanese-promo/ | https://bulbapedia.bulbagarden.net/wiki/Lightning_Energy_%28SM-P_Promo_347%29,https://pub-edb881114340454d8aae56176adec4f2.r2.dev/pokemon/598424.jpg,cf65631e-3f84-4927-8f3b-c9965daea570
sm,2016-11-18,SM Promo,SM-P,348/SM-P,unknown,"ステーション, SM新デザイン",jp,基本超エネルギー,Basic Psychic Energy,stamps,,,The exact Japanese printing carries the Japan-only Pokémon Card Station event or campaign marking.,https://pokumon.com/card/psychic-energy-348-sm-p-japanese-promo/ | https://bulbapedia.bulbagarden.net/wiki/Psychic_Energy_%28SM-P_Promo_348%29,https://pub-edb881114340454d8aae56176adec4f2.r2.dev/pokemon/598425.jpg,7fec998f-2482-4a01-975d-9576e6727b4f
sm,2016-11-18,SM Promo,SM-P,349/SM-P,unknown,"ステーション, SM新デザイン",jp,基本闘エネルギー,Basic Fighting Energy,stamps,,,The exact Japanese printing carries the Japan-only Pokémon Card Station event or campaign marking.,https://pokumon.com/card/fighting-energy-349-sm-p-japanese-promo/ | https://bulbapedia.bulbagarden.net/wiki/Fighting_Energy_%28SM-P_Promo_349%29,https://pub-edb881114340454d8aae56176adec4f2.r2.dev/pokemon/598426.jpg,602628a8-4777-431e-8249-7701d241727b
sm,2016-11-18,SM Promo,SM-P,350/SM-P,unknown,"ステーション, SM新デザイン",jp,基本悪エネルギー,Basic Darkness Energy,stamps,,,The exact Japanese printing carries the Japan-only Pokémon Card Station event or campaign marking.,https://pokumon.com/card/darkness-energy-350-sm-p-japanese-promo/ | https://bulbapedia.bulbagarden.net/wiki/Darkness_Energy_%28SM-P_Promo_350%29,https://pub-edb881114340454d8aae56176adec4f2.r2.dev/pokemon/598427.jpg,8ee28a38-ea92-4188-bf34-e7136d61612a
sm,2016-11-18,SM Promo,SM-P,351/SM-P,unknown,"ステーション, SM新デザイン",jp,基本鋼エネルギー,Basic Metal Energy,stamps,,,The exact Japanese printing carries the Japan-only Pokémon Card Station event or campaign marking.,https://pokumon.com/card/metal-energy-351-sm-p-japanese-promo/ | https://bulbapedia.bulbagarden.net/wiki/Metal_Energy_%28SM-P_Promo_351%29,https://pub-edb881114340454d8aae56176adec4f2.r2.dev/pokemon/598428.jpg,5b94b081-dd8c-4566-b58f-4abb0a9357d2
sm,2016-11-18,SM Promo,SM-P,352/SM-P,unknown,"ステーション, SM新デザイン",jp,基本フェアリーエネルギー,Basic Fairy Energy,stamps,,,The exact Japanese printing carries the Japan-only Pokémon Card Station event or campaign marking.,https://pokumon.com/card/fairy-energy-352-sm-p-japanese-promo/ | https://bulbapedia.bulbagarden.net/wiki/Fairy_Energy_%28SM-P_Promo_352%29,https://pub-edb881114340454d8aae56176adec4f2.r2.dev/pokemon/598429.jpg,bfec092c-de38-4841-8cc8-8c579ba686f6
sm,2016-11-18,SM Promo,SM-P,371/SM-P,not_applicable,UNKNOWN,jp,イーブイ,Eevee,artwork,Each exact Japanese promo has frozen individual-card evidence showing no official English-language physical printing.,https://bulbapedia.bulbagarden.net/wiki/Eevee_(SM-P_Promo_371) | https://www.tcgplayer.com/product/598448,,,https://pub-edb881114340454d8aae56176adec4f2.r2.dev/pokemon/598448.jpg,fa406d6c-4382-4e1f-ba15-dfdd7081c2ce
sm,2016-11-18,SM Promo,SM-P,373/SM-P,not_applicable,UNKNOWN,jp,チコリータ,Chikorita,artwork,Each exact Japanese promo has frozen individual-card evidence showing no official English-language physical printing.,https://bulbapedia.bulbagarden.net/wiki/Chikorita_(SM-P_Promo_373) | https://www.tcgplayer.com/product/598450,,,https://pub-edb881114340454d8aae56176adec4f2.r2.dev/pokemon/598450.jpg,c36133e9-9ba7-4db7-a224-33dcc10b6f13
sm,2016-11-18,SM Promo,SM-P,374/SM-P,unknown,UNKNOWN,jp,ニャビー,Litten,artwork,Each exact Japanese promo has frozen individual-card evidence showing no official English-language physical printing.,https://bulbapedia.bulbagarden.net/wiki/Litten_(SM-P_Promo_374) | https://www.tcgplayer.com/product/598451,,,https://pub-edb881114340454d8aae56176adec4f2.r2.dev/pokemon/598451.jpg,03ee05e8-e077-40d6-9511-f3ee4212194b
sm,2016-11-18,SM Promo,SM-P,375/SM-P,not_applicable,UNKNOWN,jp,ニャース,Meowth,artwork,Each exact Japanese promo has frozen individual-card evidence showing no official English-language physical printing.,https://bulbapedia.bulbagarden.net/wiki/Meowth_(SM-P_Promo_375) | https://www.tcgplayer.com/product/598452,,,https://pub-edb881114340454d8aae56176adec4f2.r2.dev/pokemon/598452.jpg,1bcbad87-d3f3-462d-8a9a-a4e54df20283
sm,2016-11-18,SM Promo,SM-P,380/SM-P,unknown,LAWSON,jp,基本水エネルギー,Basic Water Energy,stamps,,,The exact Japanese printing carries the Japan-only Lawson campaign event or campaign marking.,https://pokumon.com/card/water-energy-380-sm-p-japanese-promo/ | https://bulbapedia.bulbagarden.net/wiki/Water_Energy_%28SM-P_Promo_380%29,https://pub-edb881114340454d8aae56176adec4f2.r2.dev/pokemon/598457.jpg,231e4f62-59fe-4721-a4b6-37edd798bfbb
sm,2016-11-18,SM Promo,SM-P,388/SM-P,unknown,UNKNOWN,jp,にじいろのはな,Rainbow Flower,artwork,Each exact Japanese promo has frozen individual-card evidence showing no official English-language physical printing.,https://bulbapedia.bulbagarden.net/wiki/Rainbow_Flower_(SM-P_Promo_388) | https://www.tcgplayer.com/product/598465,,,https://pub-edb881114340454d8aae56176adec4f2.r2.dev/pokemon/598465.jpg,803889f7-dfd6-4741-ad53-e0a516410bec
sm,2016-11-18,SM Promo,SM-P,392/SM-P,not_applicable,UNKNOWN,jp,海で遊ぶピカチュウ,Playing in the Sea Pikachu,artwork,Each exact Japanese promo has frozen individual-card evidence showing no official English-language physical printing.,https://bulbapedia.bulbagarden.net/wiki/Playing_in_the_Sea_Pikachu_(SM-P_Promo_392) | https://www.tcgplayer.com/product/598468,,,https://pub-edb881114340454d8aae56176adec4f2.r2.dev/pokemon/598468.jpg,8e54ae98-25fb-4523-a20b-3d047a05710c
sm,2016-11-18,SM Promo,SM-P,399/SM-P,not_applicable,UNKNOWN,jp,イーブイ,Eevee,artwork,Each exact Japanese promo has frozen individual-card evidence showing no official English-language physical printing.,https://bulbapedia.bulbagarden.net/wiki/Eevee_(SM-P_Promo_399) | https://www.tcgplayer.com/product/598476,,,https://pub-edb881114340454d8aae56176adec4f2.r2.dev/pokemon/598476.jpg,f970d522-8f4b-4c1d-8317-258ba49d8bc8
sm,2016-11-18,SM Promo,SM-P,401/SM-P,not_applicable,SR仕様,jp,アローラの仲間たち,Friends in Alola,artwork,Each exact Japanese promo has frozen individual-card evidence showing no official English-language physical printing.,https://bulbapedia.bulbagarden.net/wiki/Friends_in_Alola_(SM-P_Promo_401) | https://www.tcgplayer.com/product/598478,,,https://pub-edb881114340454d8aae56176adec4f2.r2.dev/pokemon/598478.jpg,d04d20aa-6a93-4b5e-9e81-be73219adef6
sm,2016-11-18,SM Promo,SM-P,407/SM-P,not_applicable,UNKNOWN,jp,漫才ごっこピカチュウ,Pretend Comedian Pikachu,artwork,Each exact Japanese promo has frozen individual-card evidence showing no official English-language physical printing.,https://bulbapedia.bulbagarden.net/wiki/Pretend_Comedian_Pikachu_(SM-P_Promo_407) | https://www.tcgplayer.com/product/598484,,,https://pub-edb881114340454d8aae56176adec4f2.r2.dev/pokemon/598484.jpg,655ce5ea-7160-4033-a7d6-131d8f17a9ad
sm,2016-11-18,SM Promo,SM-P,408/SM-P,not_applicable,UNKNOWN,jp,サーナイト,Gardevoir,artwork,Each exact Japanese promo has frozen individual-card evidence showing no official English-language physical printing.,https://bulbapedia.bulbagarden.net/wiki/Gardevoir_(SM-P_Promo_408) | https://www.tcgplayer.com/product/647563,,,https://pub-edb881114340454d8aae56176adec4f2.r2.dev/pokemon/647563.jpg,423a3955-ecc8-4d22-a1c6-490e30b4e3fc
swsh,2019-12-06,S Promo,S-P,002/S-P,not_applicable,UNKNOWN,jp,シブヤのピカチュウ,Shibuya's Pikachu,artwork,Each exact Japanese promo has frozen individual-card evidence showing no official English-language physical printing.,https://bulbapedia.bulbagarden.net/wiki/Shibuya's_Pikachu_(S-P_Promo_2) | https://www.tcgplayer.com/product/597229,,,https://pub-edb881114340454d8aae56176adec4f2.r2.dev/pokemon/597229.jpg,9b95497e-37c2-4576-9902-a4b6c3886c14
swsh,2019-12-06,S Promo,S-P,009/S-P,unknown,"ステーション, SSデザイン",jp,基本草エネルギー,Basic Grass Energy,stamps,,,The exact S-P energy carries the Japan-only Pokémon Card Station marking.,https://pokumon.com/card/grass-energy-009-s-p-japanese-promo/ | https://bulbapedia.bulbagarden.net/wiki/S-P_Promotional_cards_%28TCG%29,https://pub-edb881114340454d8aae56176adec4f2.r2.dev/pokemon/649919.jpg,8ec156f8-1b76-4e0b-a208-0341d2478206
swsh,2019-12-06,S Promo,S-P,010/S-P,unknown,"ステーション, SSデザイン",jp,基本炎エネルギー,Basic Fire Energy,stamps,,,The exact S-P energy carries the Japan-only Pokémon Card Station marking.,https://pokumon.com/card/fire-energy-010-s-p-japanese-promo/ | https://bulbapedia.bulbagarden.net/wiki/S-P_Promotional_cards_%28TCG%29,https://pub-edb881114340454d8aae56176adec4f2.r2.dev/pokemon/649758.jpg,1b87bd71-82a6-4543-9322-0ee6a2d68f06
swsh,2019-12-06,S Promo,S-P,011/S-P,unknown,"ステーション, SSデザイン",jp,基本水エネルギー,Basic Water Energy,stamps,,,The exact S-P energy carries the Japan-only Pokémon Card Station marking.,https://pokumon.com/card/water-energy-011-s-p-japanese-promo/ | https://bulbapedia.bulbagarden.net/wiki/S-P_Promotional_cards_%28TCG%29,https://pub-edb881114340454d8aae56176adec4f2.r2.dev/pokemon/649786.jpg,399499fb-7bec-4f60-aa8d-976386f44340
swsh,2019-12-06,S Promo,S-P,012/S-P,unknown,"ステーション, SSデザイン",jp,基本雷エネルギー,Basic Lightning Energy,stamps,,,The exact S-P energy carries the Japan-only Pokémon Card Station marking.,https://pokumon.com/card/lightning-energy-012-s-p-japanese-promo/ | https://bulbapedia.bulbagarden.net/wiki/S-P_Promotional_cards_%28TCG%29,https://pub-edb881114340454d8aae56176adec4f2.r2.dev/pokemon/649911.jpg,ecfb0b57-a466-4c50-a36a-8f2448187c6c
swsh,2019-12-06,S Promo,S-P,013/S-P,unknown,"ステーション, SSデザイン",jp,基本超エネルギー,Basic Psychic Energy,stamps,,,The exact S-P energy carries the Japan-only Pokémon Card Station marking.,https://pokumon.com/card/psychic-energy-013-s-p-japanese-promo/ | https://bulbapedia.bulbagarden.net/wiki/S-P_Promotional_cards_%28TCG%29,https://pub-edb881114340454d8aae56176adec4f2.r2.dev/pokemon/649805.jpg,84ad79e1-c273-4272-8ab6-131ff6fe5ae6
swsh,2019-12-06,S Promo,S-P,014/S-P,unknown,"ステーション, SSデザイン",jp,基本闘エネルギー,Basic Fighting Energy,stamps,,,The exact S-P energy carries the Japan-only Pokémon Card Station marking.,https://pokumon.com/card/fighting-energy-014-s-p-japanese-promo/ | https://bulbapedia.bulbagarden.net/wiki/S-P_Promotional_cards_%28TCG%29,https://pub-edb881114340454d8aae56176adec4f2.r2.dev/pokemon/649802.jpg,e09e3c04-ceaf-4206-93df-e891b4a7105e
swsh,2019-12-06,S Promo,S-P,015/S-P,unknown,"ステーション, SSデザイン",jp,基本悪エネルギー,Basic Darkness Energy,stamps,,,The exact S-P energy carries the Japan-only Pokémon Card Station marking.,https://pokumon.com/card/darkness-energy-015-s-p-japanese-promo/ | https://bulbapedia.bulbagarden.net/wiki/S-P_Promotional_cards_%28TCG%29,https://pub-edb881114340454d8aae56176adec4f2.r2.dev/pokemon/649780.jpg,ebdec367-1c8d-4a76-a1d9-c1fac733a92b
swsh,2019-12-06,S Promo,S-P,016/S-P,unknown,"ステーション, SSデザイン",jp,基本鋼エネルギー,Basic Metal Energy,stamps,,,The exact S-P energy carries the Japan-only Pokémon Card Station marking.,https://pokumon.com/card/metal-energy-016-s-p-japanese-promo/ | https://bulbapedia.bulbagarden.net/wiki/S-P_Promotional_cards_%28TCG%29,https://pub-edb881114340454d8aae56176adec4f2.r2.dev/pokemon/649775.jpg,acb0b521-7903-46c9-b526-e9c88dbeed74
swsh,2019-12-06,S Promo,S-P,036/S-P,not_applicable,UNKNOWN,jp,救助隊DXのピカチュウ,Rescue Team DX's Pikachu,artwork,Each exact Japanese promo has frozen individual-card evidence showing no official English-language physical printing.,https://bulbapedia.bulbagarden.net/wiki/Rescue_Team_DX's_Pikachu_(S-P_Promo_36) | https://www.tcgplayer.com/product/597256,,,https://pub-edb881114340454d8aae56176adec4f2.r2.dev/pokemon/597256.jpg,45dc8bf5-6825-4503-a862-ef138ed379b1
swsh,2019-12-06,S Promo,S-P,060/S-P,unknown,チャンピオンズリーグ2020,jp,基本草エネルギー,Basic Grass Energy,stamps,,,The exact Japanese printing carries the Japan-only Champions League 2020 event or campaign marking.,https://pokumon.com/card/grass-energy-060-s-p-japanese-promo/ | https://bulbapedia.bulbagarden.net/wiki/Grass_Energy_%28S-P_Promo_60%29,https://pub-edb881114340454d8aae56176adec4f2.r2.dev/pokemon/649916.jpg,b9d012e4-8f7f-4fc5-8c0e-ce5578c61924
swsh,2019-12-06,S Promo,S-P,061/S-P,unknown,チャンピオンズリーグ2020,jp,基本炎エネルギー,Basic Fire Energy,stamps,,,The exact Japanese printing carries the Japan-only Champions League 2020 event or campaign marking.,https://pokumon.com/card/fire-energy-061-s-p-japanese-promo/ | https://bulbapedia.bulbagarden.net/wiki/Fire_Energy_%28S-P_Promo_61%29,https://pub-edb881114340454d8aae56176adec4f2.r2.dev/pokemon/649757.jpg,9c150b30-3b39-426c-b0b4-1bcc45e6f2e9
swsh,2019-12-06,S Promo,S-P,062/S-P,unknown,チャンピオンズリーグ2020,jp,基本水エネルギー,Basic Water Energy,stamps,,,The exact Japanese printing carries the Japan-only Champions League 2020 event or campaign marking.,https://pokumon.com/card/water-energy-062-s-p-japanese-promo/ | https://bulbapedia.bulbagarden.net/wiki/Water_Energy_%28S-P_Promo_62%29,https://pub-edb881114340454d8aae56176adec4f2.r2.dev/pokemon/649789.jpg,2547d3f7-d07d-4867-999c-857435da54f8
swsh,2019-12-06,S Promo,S-P,063/S-P,unknown,チャンピオンズリーグ2020,jp,基本雷エネルギー,Basic Lightning Energy,stamps,,,The exact Japanese printing carries the Japan-only Champions League 2020 event or campaign marking.,https://pokumon.com/card/lightning-energy-063-s-p-japanese-promo/ | https://bulbapedia.bulbagarden.net/wiki/Lightning_Energy_%28S-P_Promo_63%29,https://pub-edb881114340454d8aae56176adec4f2.r2.dev/pokemon/649809.jpg,8223f403-87bd-4305-8a9c-d9af3926ce79
swsh,2019-12-06,S Promo,S-P,064/S-P,unknown,チャンピオンズリーグ2020,jp,基本超エネルギー,Basic Psychic Energy,stamps,,,The exact Japanese printing carries the Japan-only Champions League 2020 event or campaign marking.,https://pokumon.com/card/psychic-energy-064-s-p-japanese-promo/ | https://bulbapedia.bulbagarden.net/wiki/Psychic_Energy_%28S-P_Promo_64%29,https://pub-edb881114340454d8aae56176adec4f2.r2.dev/pokemon/649807.jpg,be3a5256-27d3-407e-889e-16995f4a47d5
swsh,2019-12-06,S Promo,S-P,065/S-P,unknown,チャンピオンズリーグ2020,jp,基本闘エネルギー,Basic Fighting Energy,stamps,,,The exact Japanese printing carries the Japan-only Champions League 2020 event or campaign marking.,https://pokumon.com/card/fighting-energy-065-s-p-japanese-promo/ | https://bulbapedia.bulbagarden.net/wiki/Fighting_Energy_%28S-P_Promo_65%29,https://pub-edb881114340454d8aae56176adec4f2.r2.dev/pokemon/649799.jpg,67ca61ef-9351-4c92-8279-d9cb0d9580b3
swsh,2019-12-06,S Promo,S-P,066/S-P,unknown,チャンピオンズリーグ2020,jp,基本悪エネルギー,Basic Darkness Energy,stamps,,,The exact Japanese printing carries the Japan-only Champions League 2020 event or campaign marking.,https://pokumon.com/card/darkness-energy-066-s-p-japanese-promo/ | https://bulbapedia.bulbagarden.net/wiki/Darkness_Energy_%28S-P_Promo_66%29,https://pub-edb881114340454d8aae56176adec4f2.r2.dev/pokemon/649778.jpg,189dca05-1c93-47d2-8126-9d6ad7c5abd1
swsh,2019-12-06,S Promo,S-P,067/S-P,unknown,チャンピオンズリーグ2020,jp,基本鋼エネルギー,Basic Metal Energy,stamps,,,The exact Japanese printing carries the Japan-only Champions League 2020 event or campaign marking.,https://pokumon.com/card/metal-energy-067-s-p-japanese-promo/ | https://bulbapedia.bulbagarden.net/wiki/Metal_Energy_%28S-P_Promo_67%29,https://pub-edb881114340454d8aae56176adec4f2.r2.dev/pokemon/649773.jpg,9613fc3a-2ec7-4787-b6b7-fb9e455125f3
swsh,2019-12-06,S Promo,S-P,083/S-P,unknown,ムゲンダイナチャレンジキャンペーン,jp,基本悪エネルギー,Basic Darkness Energy,stamps,,,083/S-P carries the Japan-only Eternatus Challenge Campaign marking.,https://pokumon.com/card/darkness-energy-083-s-p-japanese-promo/ | https://bulbapedia.bulbagarden.net/wiki/S-P_Promotional_cards_%28TCG%29,https://pub-edb881114340454d8aae56176adec4f2.r2.dev/pokemon/649784.jpg,5bf502e5-271f-4115-9346-3f41a728327b
swsh,2019-12-06,S Promo,S-P,090/S-P,unknown,ジム応援キャンペーン ミラー,jp,基本草エネルギー,Basic Grass Energy,stamps,,,The exact S-P energy carries the Japan-only Pokémon Card Gym campaign marking.,https://pokumon.com/card/grass-energy-090-s-p-japanese-promo/ | https://bulbapedia.bulbagarden.net/wiki/S-P_Promotional_cards_%28TCG%29,https://pub-edb881114340454d8aae56176adec4f2.r2.dev/pokemon/649918.jpg,5ab9f3c4-fbd7-4ea3-b70b-f93a2a0f125a
swsh,2019-12-06,S Promo,S-P,091/S-P,unknown,ジム応援キャンペーン ミラー,jp,基本炎エネルギー,Basic Fire Energy,stamps,,,The exact S-P energy carries the Japan-only Pokémon Card Gym campaign marking.,https://pokumon.com/card/fire-energy-091-s-p-japanese-promo/ | https://bulbapedia.bulbagarden.net/wiki/S-P_Promotional_cards_%28TCG%29,https://pub-edb881114340454d8aae56176adec4f2.r2.dev/pokemon/649756.jpg,d689efd8-fc9c-42f0-9d28-d7553d874d5d
swsh,2019-12-06,S Promo,S-P,092/S-P,unknown,ジム応援キャンペーン ミラー,jp,基本水エネルギー,Basic Water Energy,stamps,,,The exact S-P energy carries the Japan-only Pokémon Card Gym campaign marking.,https://pokumon.com/card/water-energy-092-s-p-japanese-promo/ | https://bulbapedia.bulbagarden.net/wiki/S-P_Promotional_cards_%28TCG%29,https://pub-edb881114340454d8aae56176adec4f2.r2.dev/pokemon/649795.jpg,111b6c99-8c2a-4a38-b8f3-3a3fd781885b
swsh,2019-12-06,S Promo,S-P,093/S-P,unknown,ジム応援キャンペーン ミラー,jp,基本雷エネルギー,Basic Lightning Energy,stamps,,,The exact S-P energy carries the Japan-only Pokémon Card Gym campaign marking.,https://pokumon.com/card/lightning-energy-093-s-p-japanese-promo/ | https://bulbapedia.bulbagarden.net/wiki/S-P_Promotional_cards_%28TCG%29,https://pub-edb881114340454d8aae56176adec4f2.r2.dev/pokemon/649912.jpg,579e4bcc-4109-4d95-909f-400baa11ad13
swsh,2019-12-06,S Promo,S-P,094/S-P,unknown,ジム応援キャンペーン ミラー,jp,基本超エネルギー,Basic Psychic Energy,stamps,,,The exact S-P energy carries the Japan-only Pokémon Card Gym campaign marking.,https://pokumon.com/card/psychic-energy-094-s-p-japanese-promo/ | https://bulbapedia.bulbagarden.net/wiki/S-P_Promotional_cards_%28TCG%29,https://pub-edb881114340454d8aae56176adec4f2.r2.dev/pokemon/649806.jpg,ba239730-f0c4-43db-8e20-aff18745416b
swsh,2019-12-06,S Promo,S-P,095/S-P,unknown,ジム応援キャンペーン ミラー,jp,基本闘エネルギー,Basic Fighting Energy,stamps,,,The exact S-P energy carries the Japan-only Pokémon Card Gym campaign marking.,https://pokumon.com/card/fighting-energy-095-s-p-japanese-promo/ | https://bulbapedia.bulbagarden.net/wiki/S-P_Promotional_cards_%28TCG%29,https://pub-edb881114340454d8aae56176adec4f2.r2.dev/pokemon/649798.jpg,9b49d34f-90b7-4f2e-a9a0-5edb481e10ac
swsh,2019-12-06,S Promo,S-P,096/S-P,unknown,ジム応援キャンペーン ミラー,jp,基本悪エネルギー,Basic Darkness Energy,stamps,,,The exact S-P energy carries the Japan-only Pokémon Card Gym campaign marking.,https://pokumon.com/card/darkness-energy-096-s-p-japanese-promo/ | https://bulbapedia.bulbagarden.net/wiki/S-P_Promotional_cards_%28TCG%29,https://pub-edb881114340454d8aae56176adec4f2.r2.dev/pokemon/649787.jpg,71a591a6-4cf7-4e06-90ac-c7e2ef47d5ae
swsh,2019-12-06,S Promo,S-P,097/S-P,unknown,ジム応援キャンペーン ミラー,jp,基本鋼エネルギー,Basic Metal Energy,stamps,,,The exact S-P energy carries the Japan-only Pokémon Card Gym campaign marking.,https://pokumon.com/card/metal-energy-097-s-p-japanese-promo/ | https://bulbapedia.bulbagarden.net/wiki/S-P_Promotional_cards_%28TCG%29,https://pub-edb881114340454d8aae56176adec4f2.r2.dev/pokemon/649777.jpg,b39e042a-cfb6-4f3f-9842-e73df08347a5
swsh,2019-12-06,S Promo,S-P,098/S-P,unknown,ジム応援キャンペーン ミラー,jp,基本フェアリーエネルギー,Basic Fairy Energy,stamps,,,The exact S-P energy carries the Japan-only Pokémon Card Gym campaign marking.,https://pokumon.com/card/fairy-energy-098-s-p-japanese-promo/ | https://bulbapedia.bulbagarden.net/wiki/S-P_Promotional_cards_%28TCG%29,https://pub-edb881114340454d8aae56176adec4f2.r2.dev/pokemon/649920.jpg,e08dc499-313b-47ff-8c61-2dc3fb25b8cf
swsh,2019-12-06,S Promo,S-P,099/S-P,not_applicable,UNKNOWN,jp,名探偵ピカチュウ,Detective Pikachu,artwork,Each exact Japanese promo has frozen individual-card evidence showing no official English-language physical printing.,https://bulbapedia.bulbagarden.net/wiki/Detective_Pikachu_(S-P_Promo_99) | https://www.tcgplayer.com/product/597300,,,https://pub-edb881114340454d8aae56176adec4f2.r2.dev/pokemon/597300.jpg,81bf57aa-f7e3-40b3-9362-ab82400897de
swsh,2019-12-06,S Promo,S-P,105/S-P,not_applicable,UNKNOWN,jp,まるのみされたピカチュウ,Swallowed Up Pikachu,artwork,Each exact Japanese promo has frozen individual-card evidence showing no official English-language physical printing.,https://bulbapedia.bulbagarden.net/wiki/Swallowed_Up_Pikachu_(S-P_Promo_105) | https://www.tcgplayer.com/product/597306,,,https://pub-edb881114340454d8aae56176adec4f2.r2.dev/pokemon/597306.jpg,49f741cb-5be0-4af0-bd41-3ec01aa14946
swsh,2019-12-06,S Promo,S-P,106/S-P,not_applicable,UNKNOWN,jp,ココ,Koko,artwork,Each exact Japanese promo has frozen individual-card evidence showing no official English-language physical printing.,https://bulbapedia.bulbagarden.net/wiki/Koko_(S-P_Promo_106) | https://www.tcgplayer.com/product/597307,,,https://pub-edb881114340454d8aae56176adec4f2.r2.dev/pokemon/597307.jpg,5abd8007-1dcf-4166-a84e-7d41278f0145
swsh,2019-12-06,S Promo,S-P,119/S-P,not_applicable,UNKNOWN,jp,ふくよかミュージシャン,Plump Musician,artwork,Each exact Japanese promo has frozen individual-card evidence showing no official English-language physical printing.,https://bulbapedia.bulbagarden.net/wiki/Plump_Musician_(S-P_Promo_119) | https://www.tcgplayer.com/product/597320,,,https://pub-edb881114340454d8aae56176adec4f2.r2.dev/pokemon/597320.jpg,2653072e-24b4-483a-bced-887d48771b28
swsh,2019-12-06,S Promo,S-P,133/S-P,unknown,LAWSON,jp,基本水エネルギー,Basic Water Energy,stamps,,,133/S-P carries the Japan-only Lawson V Start Campaign marking.,https://pokumon.com/card/water-energy-133-s-p-japanese-promo/ | https://bulbapedia.bulbagarden.net/wiki/S-P_Promotional_cards_%28TCG%29,https://pub-edb881114340454d8aae56176adec4f2.r2.dev/pokemon/649791.jpg,2e426f1e-178c-48e9-8b50-bf1443372793
swsh,2019-12-06,S Promo,S-P,143/S-P,not_applicable,UNKNOWN,jp,リザードン,Charizard,artwork,Each exact Japanese promo has frozen individual-card evidence showing no official English-language physical printing.,https://bulbapedia.bulbagarden.net/wiki/Charizard_(S-P_Promo_143) | https://www.tcgplayer.com/product/597342,,,https://pub-edb881114340454d8aae56176adec4f2.r2.dev/pokemon/597342.jpg,1191a57b-6181-4313-926e-2d38af6dff73
swsh,2019-12-06,S Promo,S-P,144/S-P,not_applicable,マークあり,jp,カナザワのピカチュウ,Kanazawa's Pikachu,artwork,Each exact Japanese promo has frozen individual-card evidence showing no official English-language physical printing.,https://bulbapedia.bulbagarden.net/wiki/Kanazawa's_Pikachu_(S-P_Promo_144) | https://www.tcgplayer.com/product/597343,,,https://pub-edb881114340454d8aae56176adec4f2.r2.dev/pokemon/597343.jpg,2d3f0f41-216a-4be5-bf3d-b95796516604
swsh,2019-12-06,S Promo,S-P,208/S-P,not_applicable,YU NAGAA,jp,ピカチュウ,Pikachu,artwork,Each exact Japanese promo has frozen individual-card evidence showing no official English-language physical printing.,https://bulbapedia.bulbagarden.net/wiki/Pikachu_(S-P_Promo_208) | https://www.tcgplayer.com/product/597392,,,https://pub-edb881114340454d8aae56176adec4f2.r2.dev/pokemon/597392.jpg,bdf2b130-2011-4d14-b6c4-90834ca444ef
swsh,2019-12-06,S Promo,S-P,214/S-P,not_applicable,UNKNOWN,jp,いたずら好きのピチュー,Mischievous Pichu,artwork,Each exact Japanese promo has frozen individual-card evidence showing no official English-language physical printing.,https://bulbapedia.bulbagarden.net/wiki/Mischievous_Pichu_(S-P_Promo_214) | https://www.tcgplayer.com/product/597398,,,https://pub-edb881114340454d8aae56176adec4f2.r2.dev/pokemon/597398.jpg,c1d6a4f8-a4fa-4922-8c32-70e7cd2ac3d9
swsh,2019-12-06,S Promo,S-P,226/S-P,not_applicable,UNKNOWN,jp,ウッウ,Cramorant,artwork,Each exact Japanese promo has frozen individual-card evidence showing no official English-language physical printing.,https://bulbapedia.bulbagarden.net/wiki/Cramorant_(S-P_Promo_226) | https://www.tcgplayer.com/product/597409,,,https://pub-edb881114340454d8aae56176adec4f2.r2.dev/pokemon/597409.jpg,b3966936-9b6a-45dc-87d2-30a74c99724b
swsh,2019-12-06,S Promo,S-P,227/S-P,not_applicable,UNKNOWN,jp,ピカチュウ,Pikachu,artwork,Each exact Japanese promo has frozen individual-card evidence showing no official English-language physical printing.,https://bulbapedia.bulbagarden.net/wiki/Pikachu_(S-P_Promo_227) | https://www.tcgplayer.com/product/597410,,,https://pub-edb881114340454d8aae56176adec4f2.r2.dev/pokemon/597410.jpg,1f5566f8-6893-43cb-8f7d-e2ae7706183f
swsh,2019-12-06,S Promo,S-P,232/S-P,not_applicable,UNKNOWN,jp,ポッチャマ,Piplup,artwork,Each exact Japanese promo has frozen individual-card evidence showing no official English-language physical printing.,https://bulbapedia.bulbagarden.net/wiki/Piplup_(S-P_Promo_232) | https://www.tcgplayer.com/product/597415,,,https://pub-edb881114340454d8aae56176adec4f2.r2.dev/pokemon/597415.jpg,8e88b7fd-d360-4eac-994b-48ebfcf8b7ca
swsh,2019-12-06,S Promo,S-P,246/S-P,unknown,チャンピオンズリーグ2022,jp,基本草エネルギー,Basic Grass Energy,stamps,,,The exact S-P energy carries the Japan-only Champions League 2022 event marking.,https://pokumon.com/card/grass-energy-246-s-p-japanese-promo/ | https://bulbapedia.bulbagarden.net/wiki/S-P_Promotional_cards_%28TCG%29,https://pub-edb881114340454d8aae56176adec4f2.r2.dev/pokemon/649917.jpg,0839a84d-466c-4316-aaad-591e2882426f
swsh,2019-12-06,S Promo,S-P,247/S-P,unknown,チャンピオンズリーグ2022,jp,基本炎エネルギー,Basic Fire Energy,stamps,,,The exact S-P energy carries the Japan-only Champions League 2022 event marking.,https://pokumon.com/card/fire-energy-247-s-p-japanese-promo/ | https://bulbapedia.bulbagarden.net/wiki/S-P_Promotional_cards_%28TCG%29,https://pub-edb881114340454d8aae56176adec4f2.r2.dev/pokemon/649759.jpg,9b93220a-0d91-44ad-b0be-baa474091c37
swsh,2019-12-06,S Promo,S-P,248/S-P,unknown,チャンピオンズリーグ2022,jp,基本水エネルギー,Basic Water Energy,stamps,,,The exact S-P energy carries the Japan-only Champions League 2022 event marking.,https://pokumon.com/card/water-energy-248-s-p-japanese-promo/ | https://bulbapedia.bulbagarden.net/wiki/S-P_Promotional_cards_%28TCG%29,https://pub-edb881114340454d8aae56176adec4f2.r2.dev/pokemon/649792.jpg,a169e8cf-b31d-4fc1-9fdb-84c0f76317aa
swsh,2019-12-06,S Promo,S-P,249/S-P,unknown,チャンピオンズリーグ2022,jp,基本雷エネルギー,Basic Lightning Energy,stamps,,,The exact S-P energy carries the Japan-only Champions League 2022 event marking.,https://pokumon.com/card/lightning-energy-249-s-p-japanese-promo/ | https://bulbapedia.bulbagarden.net/wiki/S-P_Promotional_cards_%28TCG%29,https://pub-edb881114340454d8aae56176adec4f2.r2.dev/pokemon/649808.jpg,db990f08-4183-44fa-a9f4-34f4f0dd8332
swsh,2019-12-06,S Promo,S-P,250/S-P,unknown,チャンピオンズリーグ2022,jp,基本超エネルギー,Basic Psychic Energy,stamps,,,The exact S-P energy carries the Japan-only Champions League 2022 event marking.,https://pokumon.com/card/psychic-energy-250-s-p-japanese-promo/ | https://bulbapedia.bulbagarden.net/wiki/S-P_Promotional_cards_%28TCG%29,https://pub-edb881114340454d8aae56176adec4f2.r2.dev/pokemon/649803.jpg,4db2bbee-cfe4-42c8-a003-5f096284ec51
swsh,2019-12-06,S Promo,S-P,251/S-P,unknown,チャンピオンズリーグ2022,jp,基本闘エネルギー,Basic Fighting Energy,stamps,,,The exact S-P energy carries the Japan-only Champions League 2022 event marking.,https://pokumon.com/card/fighting-energy-251-s-p-japanese-promo/ | https://bulbapedia.bulbagarden.net/wiki/S-P_Promotional_cards_%28TCG%29,https://pub-edb881114340454d8aae56176adec4f2.r2.dev/pokemon/649801.jpg,6f332e78-e187-4ce1-8610-c89c550ec916
swsh,2019-12-06,S Promo,S-P,252/S-P,unknown,チャンピオンズリーグ2022,jp,基本悪エネルギー,Basic Darkness Energy,stamps,,,The exact S-P energy carries the Japan-only Champions League 2022 event marking.,https://pokumon.com/card/darkness-energy-252-s-p-japanese-promo/ | https://bulbapedia.bulbagarden.net/wiki/S-P_Promotional_cards_%28TCG%29,https://pub-edb881114340454d8aae56176adec4f2.r2.dev/pokemon/649785.jpg,43b46db9-4d61-4a1b-8e5b-898839ae83da
swsh,2019-12-06,S Promo,S-P,253/S-P,unknown,チャンピオンズリーグ2022,jp,基本鋼エネルギー,Basic Metal Energy,stamps,,,The exact S-P energy carries the Japan-only Champions League 2022 event marking.,https://pokumon.com/card/metal-energy-253-s-p-japanese-promo/ | https://bulbapedia.bulbagarden.net/wiki/S-P_Promotional_cards_%28TCG%29,https://pub-edb881114340454d8aae56176adec4f2.r2.dev/pokemon/649776.jpg,5d300aa6-a927-408f-bb29-322a02680180
swsh,2019-12-06,S Promo,S-P,267/S-P,not_applicable,SA,jp,アルセウスV,Arceus V,stamps,,,267/S-P carries the Japanese Pokémon Legends: Arceus logo; its Atsushi Furusawa artwork also appeared internationally.,https://bulbapedia.bulbagarden.net/wiki/Arceus_V_%28S-P_Promo_267%29 | https://pokumon.com/card/arceus-v-267-s-p-japanese-promo/,https://pub-edb881114340454d8aae56176adec4f2.r2.dev/pokemon/597440.jpg,a1a012eb-cd64-4bca-8dbc-de5e4bd5ec1d
swsh,2019-12-06,S Promo,S-P,311/S-P,unknown,RR仕様,jp,ヌオーV,Quagsire V,artwork,Each exact Japanese promo has frozen individual-card evidence showing no official English-language physical printing.,https://bulbapedia.bulbagarden.net/wiki/Quagsire_V_(S-P_Promo_311) | https://www.tcgplayer.com/product/597484,,,https://pub-edb881114340454d8aae56176adec4f2.r2.dev/pokemon/597484.jpg,c79e8cca-6ef5-4f9f-9876-acc190b8ed22
swsh,2019-12-06,S Promo,S-P,315/S-P,unknown,UNKNOWN,jp,プテラ,Aerodactyl,artwork,Each exact Japanese promo has frozen individual-card evidence showing no official English-language physical printing.,https://bulbapedia.bulbagarden.net/wiki/Aerodactyl_(S-P_Promo_315) | https://www.tcgplayer.com/product/597488,,,https://pub-edb881114340454d8aae56176adec4f2.r2.dev/pokemon/597488.jpg,267567b8-966f-4a1a-9d8e-5ae4a13dd05f
swsh,2019-12-06,S Promo,S-P,316/S-P,unknown,UNKNOWN,jp,やすらぎの公園,Peaceful Park,artwork,Each exact Japanese promo has frozen individual-card evidence showing no official English-language physical printing.,https://bulbapedia.bulbagarden.net/wiki/Peaceful_Park_(S-P_Promo_316) | https://www.tcgplayer.com/product/597489,,,https://pub-edb881114340454d8aae56176adec4f2.r2.dev/pokemon/597489.jpg,5471c2a4-921d-4e2e-a741-48ae8eb024a3
swsh,2019-12-06,S Promo,S-P,318/S-P,unknown,UNKNOWN,jp,ヒスイウォーグル,Hisuian Braviary,artwork,Each exact Japanese promo has frozen individual-card evidence showing no official English-language physical printing.,https://bulbapedia.bulbagarden.net/wiki/Hisuian_Braviary_(S-P_Promo_318) | https://www.tcgplayer.com/product/597491,,,https://pub-edb881114340454d8aae56176adec4f2.r2.dev/pokemon/597491.jpg,f615c5d9-6d9b-4611-ae18-f5163ae7ebcd
swsh,2019-12-06,S Promo,S-P,325/S-P,not_applicable,RRR仕様,jp,ルギアVSTAR,Lugia VSTAR,stamps,,,325/S-P carries the Japanese Lugia Get Challenge logo; the same PLANETA Igarashi art also appeared in Korean.,https://bulbapedia.bulbagarden.net/wiki/Lugia_VSTAR_%28S-P_Promo_325%29 | https://pokumon.com/card/lugia-vstar-325-s-p-japanese-promo/ | https://pokumon.com/card/lugia-vstar-188-s-p-korean-promo/,https://pub-edb881114340454d8aae56176adec4f2.r2.dev/pokemon/597498.jpg,5fba02ac-40ed-492c-b5db-a621e162689f
swsh,2019-12-06,S Promo,S-P,329/S-P,unknown,チャンピオンズリーグ2023,jp,基本草エネルギー,Basic Grass Energy,stamps,,,The exact Japanese printing carries the Japan-only Champions League 2023 event or campaign marking.,https://pokumon.com/card/grass-energy-329-s-p-japanese-promo/ | https://bulbapedia.bulbagarden.net/wiki/Grass_Energy_%28S-P_Promo_329%29,https://pub-edb881114340454d8aae56176adec4f2.r2.dev/pokemon/649915.jpg,fcf0208c-457f-4d7b-b5af-2e09648bbc55
swsh,2019-12-06,S Promo,S-P,330/S-P,unknown,チャンピオンズリーグ2023,jp,基本炎エネルギー,Basic Fire Energy,stamps,,,The exact Japanese printing carries the Japan-only Champions League 2023 event or campaign marking.,https://pokumon.com/card/fire-energy-330-s-p-japanese-promo/ | https://bulbapedia.bulbagarden.net/wiki/Fire_Energy_%28S-P_Promo_330%29,https://pub-edb881114340454d8aae56176adec4f2.r2.dev/pokemon/649771.jpg,143dd7f5-1ccc-4354-b655-6df0d697a64b
swsh,2019-12-06,S Promo,S-P,331/S-P,unknown,チャンピオンズリーグ2023,jp,基本水エネルギー,Basic Water Energy,stamps,,,The exact Japanese printing carries the Japan-only Champions League 2023 event or campaign marking.,https://pokumon.com/card/water-energy-331-s-p-japanese-promo/ | https://bulbapedia.bulbagarden.net/wiki/Water_Energy_%28S-P_Promo_331%29,https://pub-edb881114340454d8aae56176adec4f2.r2.dev/pokemon/649796.jpg,b75bc8b6-935d-4967-b9de-8379a5f945f4
swsh,2019-12-06,S Promo,S-P,332/S-P,unknown,チャンピオンズリーグ2023,jp,基本雷エネルギー,Basic Lightning Energy,stamps,,,The exact Japanese printing carries the Japan-only Champions League 2023 event or campaign marking.,https://pokumon.com/card/lightning-energy-332-s-p-japanese-promo/ | https://bulbapedia.bulbagarden.net/wiki/Lightning_Energy_%28S-P_Promo_332%29,https://pub-edb881114340454d8aae56176adec4f2.r2.dev/pokemon/649913.jpg,e4144c7d-b2ae-4d95-b10b-4ddaebce4ccb
swsh,2019-12-06,S Promo,S-P,333/S-P,unknown,チャンピオンズリーグ2023,jp,基本超エネルギー,Basic Psychic Energy,stamps,,,The exact Japanese printing carries the Japan-only Champions League 2023 event or campaign marking.,https://pokumon.com/card/psychic-energy-333-s-p-japanese-promo/ | https://bulbapedia.bulbagarden.net/wiki/Psychic_Energy_%28S-P_Promo_333%29,https://pub-edb881114340454d8aae56176adec4f2.r2.dev/pokemon/649804.jpg,11603772-7e4a-4f5d-8633-8fe27d62a704
swsh,2019-12-06,S Promo,S-P,334/S-P,unknown,チャンピオンズリーグ2023,jp,基本闘エネルギー,Basic Fighting Energy,stamps,,,The exact Japanese printing carries the Japan-only Champions League 2023 event or campaign marking.,https://pokumon.com/card/fighting-energy-334-s-p-japanese-promo/ | https://bulbapedia.bulbagarden.net/wiki/Fighting_Energy_%28S-P_Promo_334%29,https://pub-edb881114340454d8aae56176adec4f2.r2.dev/pokemon/649800.jpg,6f58ad7d-9137-42d7-a9bc-2a708e35c62d
swsh,2019-12-06,S Promo,S-P,335/S-P,unknown,チャンピオンズリーグ2023,jp,基本悪エネルギー,Basic Darkness Energy,stamps,,,The exact Japanese printing carries the Japan-only Champions League 2023 event or campaign marking.,https://pokumon.com/card/darkness-energy-335-s-p-japanese-promo/ | https://bulbapedia.bulbagarden.net/wiki/Darkness_Energy_%28S-P_Promo_335%29,https://pub-edb881114340454d8aae56176adec4f2.r2.dev/pokemon/649779.jpg,e3a7052c-86a0-4a5c-9707-a0b5a5c27834
swsh,2019-12-06,S Promo,S-P,336/S-P,unknown,チャンピオンズリーグ2023,jp,基本鋼エネルギー,Basic Metal Energy,stamps,,,The exact Japanese printing carries the Japan-only Champions League 2023 event or campaign marking.,https://pokumon.com/card/metal-energy-336-s-p-japanese-promo/ | https://bulbapedia.bulbagarden.net/wiki/Metal_Energy_%28S-P_Promo_336%29,https://pub-edb881114340454d8aae56176adec4f2.r2.dev/pokemon/649774.jpg,1f674dbc-ec85-4001-91e4-70bf9da7370a
sv,2023-01-20,SV Promo,SV-P,037/SV-P,unknown,"SVデザイン, CL2023",jp,基本草エネルギー,Basic Grass Energy,stamps,,,The exact Japanese printing carries the Japan-only Champions League 2023 event or campaign marking.,https://pokumon.com/card/grass-energy-037-sv-p-japanese-promo/ | https://bulbapedia.bulbagarden.net/wiki/Grass_Energy_%28SV-P_Promo_37%29,https://pub-edb881114340454d8aae56176adec4f2.r2.dev/pokemon/587794.jpg,49588592-3409-4ac2-9adc-8a2ef6be24bd
sv,2023-01-20,SV Promo,SV-P,038/SV-P,unknown,"SVデザイン, CL2023",jp,基本炎エネルギー,Basic Fire Energy,stamps,,,The exact Japanese printing carries the Japan-only Champions League 2023 event or campaign marking.,https://pokumon.com/card/fire-energy-038-sv-p-japanese-promo/ | https://bulbapedia.bulbagarden.net/wiki/Fire_Energy_%28SV-P_Promo_38%29,https://pub-edb881114340454d8aae56176adec4f2.r2.dev/pokemon/587795.jpg,44cc000c-ae32-4bb7-a1dc-b32ad129e3f7
sv,2023-01-20,SV Promo,SV-P,039/SV-P,unknown,"SVデザイン, CL2023",jp,基本水エネルギー,Basic Water Energy,stamps,,,The exact Japanese printing carries the Japan-only Champions League 2023 event or campaign marking.,https://pokumon.com/card/water-energy-039-sv-p-japanese-promo/ | https://bulbapedia.bulbagarden.net/wiki/Water_Energy_%28SV-P_Promo_39%29,https://pub-edb881114340454d8aae56176adec4f2.r2.dev/pokemon/587796.jpg,12e93968-a76d-4e12-9d77-2cc588c4d3a1
sv,2023-01-20,SV Promo,SV-P,040/SV-P,unknown,"SVデザイン, CL2023",jp,基本雷エネルギー,Basic Lightning Energy,stamps,,,The exact Japanese printing carries the Japan-only Champions League 2023 event or campaign marking.,https://pokumon.com/card/lightning-energy-040-sv-p-japanese-promo/ | https://bulbapedia.bulbagarden.net/wiki/Lightning_Energy_%28SV-P_Promo_40%29,https://pub-edb881114340454d8aae56176adec4f2.r2.dev/pokemon/587797.jpg,7b2ce14a-9855-4466-a144-d43a17636605
sv,2023-01-20,SV Promo,SV-P,041/SV-P,unknown,"SVデザイン, CL2023",jp,基本超エネルギー,Basic Psychic Energy,stamps,,,The exact Japanese printing carries the Japan-only Champions League 2023 event or campaign marking.,https://pokumon.com/card/psychic-energy-041-sv-p-japanese-promo/ | https://bulbapedia.bulbagarden.net/wiki/Psychic_Energy_%28SV-P_Promo_41%29,https://pub-edb881114340454d8aae56176adec4f2.r2.dev/pokemon/587798.jpg,bae376d5-c166-4c9b-ae22-ecd46693b2ed
sv,2023-01-20,SV Promo,SV-P,042/SV-P,unknown,"SVデザイン, CL2023",jp,基本闘エネルギー,Basic Fighting Energy,stamps,,,The exact Japanese printing carries the Japan-only Champions League 2023 event or campaign marking.,https://pokumon.com/card/fighting-energy-042-sv-p-japanese-promo/ | https://bulbapedia.bulbagarden.net/wiki/Fighting_Energy_%28SV-P_Promo_42%29,https://pub-edb881114340454d8aae56176adec4f2.r2.dev/pokemon/587799.jpg,e7dca666-8ec3-4396-ac6d-ba73a4630aea
sv,2023-01-20,SV Promo,SV-P,043/SV-P,unknown,"SVデザイン, CL2023",jp,基本悪エネルギー,Basic Darkness Energy,stamps,,,The exact Japanese printing carries the Japan-only Champions League 2023 event or campaign marking.,https://pokumon.com/card/darkness-energy-043-sv-p-japanese-promo/ | https://bulbapedia.bulbagarden.net/wiki/Darkness_Energy_%28SV-P_Promo_43%29,https://pub-edb881114340454d8aae56176adec4f2.r2.dev/pokemon/587800.jpg,18f04d7b-07c1-4e7a-957d-c49f75cdc39f
sv,2023-01-20,SV Promo,SV-P,044/SV-P,unknown,"SVデザイン, CL2023",jp,基本鋼エネルギー,Basic Metal Energy,stamps,,,The exact Japanese printing carries the Japan-only Champions League 2023 event or campaign marking.,https://pokumon.com/card/metal-energy-044-sv-p-japanese-promo/ | https://bulbapedia.bulbagarden.net/wiki/Metal_Energy_%28SV-P_Promo_44%29,https://pub-edb881114340454d8aae56176adec4f2.r2.dev/pokemon/587801.jpg,28ac8eaa-13ac-437c-af15-75700d62534f
sv,2023-01-20,SV Promo,SV-P,057/SV-P,unknown,台北オープン記念,jp,ピカチュウ,Taipei's Pikachu,artwork,Each exact Japanese promo has frozen individual-card evidence showing no official English-language physical printing.,https://bulbapedia.bulbagarden.net/wiki/Taipei's_Pikachu_(SV-P_Promo_57) | https://www.tcgplayer.com/product/587815,,,,4b165afa-209c-40de-bc5f-59c0c8c25d58
sv,2023-01-20,SV Promo,SV-P,062/SV-P,not_applicable,YU NAGABA,jp,イーブイ,Eevee,artwork,Each exact Japanese promo has frozen individual-card evidence showing no official English-language physical printing.,https://bulbapedia.bulbagarden.net/wiki/Eevee_(SV-P_Promo_62) | https://www.tcgplayer.com/product/587820,,,https://pub-edb881114340454d8aae56176adec4f2.r2.dev/pokemon/587820.jpg,6176dd64-ee7c-44cf-ad45-b1df1c584c0c
sv,2023-01-20,SV Promo,SV-P,063/SV-P,not_applicable,YU NAGABA,jp,シャワーズ,Vaporeon,artwork,Each exact Japanese promo has frozen individual-card evidence showing no official English-language physical printing.,https://bulbapedia.bulbagarden.net/wiki/Vaporeon_(SV-P_Promo_63) | https://www.tcgplayer.com/product/587821,,,https://pub-edb881114340454d8aae56176adec4f2.r2.dev/pokemon/587821.jpg,d1a69c73-b16a-484c-8ba1-4f7c567d89e2
sv,2023-01-20,SV Promo,SV-P,064/SV-P,not_applicable,YU NAGABA,jp,サンダース,Jolteon,artwork,Each exact Japanese promo has frozen individual-card evidence showing no official English-language physical printing.,https://bulbapedia.bulbagarden.net/wiki/Jolteon_(SV-P_Promo_64) | https://www.tcgplayer.com/product/587822,,,https://pub-edb881114340454d8aae56176adec4f2.r2.dev/pokemon/587822.jpg,77bf0b7b-d378-4a8f-b4ce-88a578e3ae39
sv,2023-01-20,SV Promo,SV-P,065/SV-P,not_applicable,YU NAGABA,jp,ブースター,Flareon,artwork,Each exact Japanese promo has frozen individual-card evidence showing no official English-language physical printing.,https://bulbapedia.bulbagarden.net/wiki/Flareon_(SV-P_Promo_65) | https://www.tcgplayer.com/product/587823,,,https://pub-edb881114340454d8aae56176adec4f2.r2.dev/pokemon/587823.jpg,cb9c2917-d5f5-4373-8044-8617e1fc182f
sv,2023-01-20,SV Promo,SV-P,066/SV-P,not_applicable,YU NAGABA,jp,エーフィ,Espeon,artwork,Each exact Japanese promo has frozen individual-card evidence showing no official English-language physical printing.,https://bulbapedia.bulbagarden.net/wiki/Espeon_(SV-P_Promo_66) | https://www.tcgplayer.com/product/587824,,,https://pub-edb881114340454d8aae56176adec4f2.r2.dev/pokemon/587824.jpg,4de7c8b4-c99e-46e8-b45d-6677b032f884
sv,2023-01-20,SV Promo,SV-P,067/SV-P,not_applicable,YU NAGABA,jp,ブラッキー,Umbreon,artwork,Each exact Japanese promo has frozen individual-card evidence showing no official English-language physical printing.,https://bulbapedia.bulbagarden.net/wiki/Umbreon_(SV-P_Promo_67) | https://www.tcgplayer.com/product/587825,,,https://pub-edb881114340454d8aae56176adec4f2.r2.dev/pokemon/587825.jpg,f78b6d36-6c28-47cf-a042-0e6b99893e32
sv,2023-01-20,SV Promo,SV-P,068/SV-P,not_applicable,YU NAGABA,jp,リーフィア,Leafeon,artwork,Each exact Japanese promo has frozen individual-card evidence showing no official English-language physical printing.,https://bulbapedia.bulbagarden.net/wiki/Leafeon_(SV-P_Promo_68) | https://www.tcgplayer.com/product/587826,,,https://pub-edb881114340454d8aae56176adec4f2.r2.dev/pokemon/587826.jpg,073a6871-6e9c-4aaf-a13b-14fd12814e95
sv,2023-01-20,SV Promo,SV-P,069/SV-P,not_applicable,YU NAGABA,jp,グレイシア,Glaceon,artwork,Each exact Japanese promo has frozen individual-card evidence showing no official English-language physical printing.,https://bulbapedia.bulbagarden.net/wiki/Glaceon_(SV-P_Promo_69) | https://www.tcgplayer.com/product/587827,,,https://pub-edb881114340454d8aae56176adec4f2.r2.dev/pokemon/587827.jpg,6d646efc-05c1-4a59-98db-cd4fcc3a5946
sv,2023-01-20,SV Promo,SV-P,070/SV-P,not_applicable,YU NAGABA,jp,ニンフィア,Sylveon,artwork,Each exact Japanese promo has frozen individual-card evidence showing no official English-language physical printing.,https://bulbapedia.bulbagarden.net/wiki/Sylveon_(SV-P_Promo_70) | https://www.tcgplayer.com/product/587828,,,https://pub-edb881114340454d8aae56176adec4f2.r2.dev/pokemon/587828.jpg,038db45d-8d88-4857-b808-89022a3d3ab3
sv,2023-01-20,SV Promo,SV-P,098/SV-P,not_applicable,UNKNOWN,jp,名探偵ピカチュウ,Detective Pikachu,artwork,Each exact Japanese promo has frozen individual-card evidence showing no official English-language physical printing.,https://bulbapedia.bulbagarden.net/wiki/Detective_Pikachu_(SV-P_Promo_98) | https://www.tcgplayer.com/product/587856,,,https://pub-edb881114340454d8aae56176adec4f2.r2.dev/pokemon/587856.jpg,49eb2d5b-c4ff-409d-b7e0-29a371deb32b
sv,2023-01-20,SV Promo,SV-P,100/SV-P,unknown,チャンピオンズリーグ2024,jp,基本草エネルギー,Basic Grass Energy,stamps,,,The exact Japanese printing carries the Japan-only Champions League 2024 event or campaign marking.,https://pokumon.com/card/grass-energy-100-sv-p-japanese-promo/ | https://bulbapedia.bulbagarden.net/wiki/Grass_Energy_%28SV-P_Promo_100%29,https://pub-edb881114340454d8aae56176adec4f2.r2.dev/pokemon/artofpkm/678afefd-aca7-4a66-8424-8699412795c0.jpg,678afefd-aca7-4a66-8424-8699412795c0
sv,2023-01-20,SV Promo,SV-P,101/SV-P,not_applicable,チャンピオンズリーグ2024,jp,基本炎エネルギー,Basic Fire Energy,stamps,,,The exact Japanese printing carries the Japan-only Champions League 2024 event or campaign marking.,https://pokumon.com/card/fire-energy-101-sv-p-japanese-promo/ | https://bulbapedia.bulbagarden.net/wiki/Fire_Energy_%28SV-P_Promo_101%29,https://pub-edb881114340454d8aae56176adec4f2.r2.dev/pokemon/artofpkm/9da2d719-87b2-40a8-87fe-1e6e10955cfe.jpg,9da2d719-87b2-40a8-87fe-1e6e10955cfe
sv,2023-01-20,SV Promo,SV-P,102/SV-P,unknown,チャンピオンズリーグ2024,jp,基本水エネルギー,Basic Water Energy,stamps,,,The exact Japanese printing carries the Japan-only Champions League 2024 event or campaign marking.,https://pokumon.com/card/water-energy-102-sv-p-japanese-promo/ | https://bulbapedia.bulbagarden.net/wiki/Water_Energy_%28SV-P_Promo_102%29,https://pub-edb881114340454d8aae56176adec4f2.r2.dev/pokemon/artofpkm/ce72657d-b121-4e2a-bd52-cf9c6e883879.jpg,ce72657d-b121-4e2a-bd52-cf9c6e883879
sv,2023-01-20,SV Promo,SV-P,103/SV-P,unknown,チャンピオンズリーグ2024,jp,基本雷エネルギー,Basic Lightning Energy,stamps,,,The exact Japanese printing carries the Japan-only Champions League 2024 event or campaign marking.,https://pokumon.com/card/lightning-energy-103-sv-p-japanese-promo/ | https://bulbapedia.bulbagarden.net/wiki/Lightning_Energy_%28SV-P_Promo_103%29,https://pub-edb881114340454d8aae56176adec4f2.r2.dev/pokemon/artofpkm/60cc4fec-b24a-4801-9fe6-cbfb604b09ef.jpg,60cc4fec-b24a-4801-9fe6-cbfb604b09ef
sv,2023-01-20,SV Promo,SV-P,104/SV-P,unknown,チャンピオンズリーグ2024,jp,基本超エネルギー,Basic Psychic Energy,stamps,,,The exact Japanese printing carries the Japan-only Champions League 2024 event or campaign marking.,https://pokumon.com/card/psychic-energy-104-sv-p-japanese-promo/ | https://bulbapedia.bulbagarden.net/wiki/Psychic_Energy_%28SV-P_Promo_104%29,https://pub-edb881114340454d8aae56176adec4f2.r2.dev/pokemon/artofpkm/0c04d9bd-f798-488c-b848-56249d98305d.jpg,0c04d9bd-f798-488c-b848-56249d98305d
sv,2023-01-20,SV Promo,SV-P,105/SV-P,unknown,チャンピオンズリーグ2024,jp,基本闘エネルギー,Basic Fighting Energy,stamps,,,The exact Japanese printing carries the Japan-only Champions League 2024 event or campaign marking.,https://pokumon.com/card/fighting-energy-105-sv-p-japanese-promo/ | https://bulbapedia.bulbagarden.net/wiki/Fighting_Energy_%28SV-P_Promo_105%29,https://pub-edb881114340454d8aae56176adec4f2.r2.dev/pokemon/artofpkm/4efbd52b-63ab-4364-8db0-8326351a7ba4.jpg,4efbd52b-63ab-4364-8db0-8326351a7ba4
sv,2023-01-20,SV Promo,SV-P,106/SV-P,unknown,チャンピオンズリーグ2024,jp,基本悪エネルギー,Basic Darkness Energy,stamps,,,The exact Japanese printing carries the Japan-only Champions League 2024 event or campaign marking.,https://pokumon.com/card/darkness-energy-106-sv-p-japanese-promo/ | https://bulbapedia.bulbagarden.net/wiki/Darkness_Energy_%28SV-P_Promo_106%29,https://pub-edb881114340454d8aae56176adec4f2.r2.dev/pokemon/artofpkm/a73969d0-352d-4280-bbce-f1261f0984a4.jpg,a73969d0-352d-4280-bbce-f1261f0984a4
sv,2023-01-20,SV Promo,SV-P,107/SV-P,unknown,チャンピオンズリーグ2024,jp,基本鋼エネルギー,Basic Metal Energy,stamps,,,The exact Japanese printing carries the Japan-only Champions League 2024 event or campaign marking.,https://pokumon.com/card/metal-energy-107-sv-p-japanese-promo/ | https://bulbapedia.bulbagarden.net/wiki/Metal_Energy_%28SV-P_Promo_107%29,https://pub-edb881114340454d8aae56176adec4f2.r2.dev/pokemon/artofpkm/9da50e61-0a05-421a-95ed-f91433c00141.jpg,9da50e61-0a05-421a-95ed-f91433c00141
sv,2023-01-20,SV Promo,SV-P,202/SV-P,unknown,チャンピオンズリーグ2025,jp,基本草エネルギー,Basic Grass Energy,stamps,,,The exact Japanese printing carries the Japan-only Champions League 2025 event or campaign marking.,https://pokumon.com/card/grass-energy-202-sv-p-japanese-promo/ | https://bulbapedia.bulbagarden.net/wiki/Grass_Energy_%28SV-P_Promo_202%29,https://pub-edb881114340454d8aae56176adec4f2.r2.dev/pokemon/628329.jpg,dec373cd-b517-476e-8862-ae6c321670c2
sv,2023-01-20,SV Promo,SV-P,203/SV-P,unknown,チャンピオンズリーグ2025,jp,基本炎エネルギー,Basic Fire Energy,stamps,,,The exact Japanese printing carries the Japan-only Champions League 2025 event or campaign marking.,https://pokumon.com/card/fire-energy-203-sv-p-japanese-promo/ | https://bulbapedia.bulbagarden.net/wiki/Fire_Energy_%28SV-P_Promo_203%29,https://pub-edb881114340454d8aae56176adec4f2.r2.dev/pokemon/628330.jpg,c815ab93-30be-4a64-87cb-6a76c34c10fd
sv,2023-01-20,SV Promo,SV-P,204/SV-P,unknown,チャンピオンズリーグ2025,jp,基本水エネルギー,Basic Water Energy,stamps,,,The exact Japanese printing carries the Japan-only Champions League 2025 event or campaign marking.,https://pokumon.com/card/water-energy-204-sv-p-japanese-promo/ | https://bulbapedia.bulbagarden.net/wiki/Water_Energy_%28SV-P_Promo_204%29,https://pub-edb881114340454d8aae56176adec4f2.r2.dev/pokemon/artofpkm/04f1bbea-aaae-438b-a724-80a6bb0917d9.jpg,04f1bbea-aaae-438b-a724-80a6bb0917d9
sv,2023-01-20,SV Promo,SV-P,205/SV-P,unknown,チャンピオンズリーグ2025,jp,基本雷エネルギー,Basic Lightning Energy,stamps,,,The exact Japanese printing carries the Japan-only Champions League 2025 event or campaign marking.,https://pokumon.com/card/lightning-energy-205-sv-p-japanese-promo/ | https://bulbapedia.bulbagarden.net/wiki/Lightning_Energy_%28SV-P_Promo_205%29,https://pub-edb881114340454d8aae56176adec4f2.r2.dev/pokemon/628334.jpg,840fbec3-f129-49d1-bb59-ff4253a99010
sv,2023-01-20,SV Promo,SV-P,206/SV-P,unknown,チャンピオンズリーグ2025,jp,基本超エネルギー,Basic Psychic Energy,stamps,,,The exact Japanese printing carries the Japan-only Champions League 2025 event or campaign marking.,https://pokumon.com/card/psychic-energy-206-sv-p-japanese-promo/ | https://bulbapedia.bulbagarden.net/wiki/Psychic_Energy_%28SV-P_Promo_206%29,https://pub-edb881114340454d8aae56176adec4f2.r2.dev/pokemon/artofpkm/7d113b02-1b03-41e5-9342-f7e746c0a382.jpg,7d113b02-1b03-41e5-9342-f7e746c0a382
sv,2023-01-20,SV Promo,SV-P,207/SV-P,unknown,チャンピオンズリーグ2025,jp,基本闘エネルギー,Basic Fighting Energy,stamps,,,The exact Japanese printing carries the Japan-only Champions League 2025 event or campaign marking.,https://pokumon.com/card/fighting-energy-207-sv-p-japanese-promo/ | https://bulbapedia.bulbagarden.net/wiki/Fighting_Energy_%28SV-P_Promo_207%29,https://pub-edb881114340454d8aae56176adec4f2.r2.dev/pokemon/artofpkm/5f4d30d3-6df4-43f3-8d3f-1feca9140ae1.jpg,5f4d30d3-6df4-43f3-8d3f-1feca9140ae1
sv,2023-01-20,SV Promo,SV-P,208/SV-P,unknown,チャンピオンズリーグ2025,jp,基本悪エネルギー,Basic Darkness Energy,stamps,,,The exact Japanese printing carries the Japan-only Champions League 2025 event or campaign marking.,https://pokumon.com/card/darkness-energy-208-sv-p-japanese-promo/ | https://bulbapedia.bulbagarden.net/wiki/Darkness_Energy_%28SV-P_Promo_208%29,https://pub-edb881114340454d8aae56176adec4f2.r2.dev/pokemon/artofpkm/eac143e4-240f-42b9-8f34-2bc497090620.jpg,eac143e4-240f-42b9-8f34-2bc497090620
sv,2023-01-20,SV Promo,SV-P,209/SV-P,unknown,チャンピオンズリーグ2025,jp,基本鋼エネルギー,Basic Metal Energy,stamps,,,The exact Japanese printing carries the Japan-only Champions League 2025 event or campaign marking.,https://pokumon.com/card/metal-energy-209-sv-p-japanese-promo/ | https://bulbapedia.bulbagarden.net/wiki/Metal_Energy_%28SV-P_Promo_209%29,https://pub-edb881114340454d8aae56176adec4f2.r2.dev/pokemon/artofpkm/5a4d093e-5543-4755-b49f-ef05326aaa8d.jpg,5a4d093e-5543-4755-b49f-ef05326aaa8d
sv,2023-01-20,SV Promo,SV-P,260/SV-P,not_applicable,UNKNOWN,jp,トウホクのピカチュウ,Tohoku's Pikachu,artwork,Each exact Japanese promo has frozen individual-card evidence showing no official English-language physical printing.,https://bulbapedia.bulbagarden.net/wiki/Tohoku's_Pikachu_(SV-P_Promo_260) | https://www.tcgplayer.com/product/650726,,,https://pub-edb881114340454d8aae56176adec4f2.r2.dev/pokemon/650726.jpg,900e3a50-bfda-4232-9e3f-185f71073b35
sv,2023-01-20,SV Promo,SV-P,261/SV-P,not_applicable,UNKNOWN,jp,ヒロシマのピカチュウ,Hiroshima's Pikachu,artwork,Each exact Japanese promo has frozen individual-card evidence showing no official English-language physical printing.,https://bulbapedia.bulbagarden.net/wiki/Hiroshima's_Pikachu_(SV-P_Promo_261) | https://www.tcgplayer.com/product/650763,,,https://pub-edb881114340454d8aae56176adec4f2.r2.dev/pokemon/650763.jpg,a87256bd-df22-4d83-b000-c6dc59499690
sv,2023-01-20,SV Promo,SV-P,289/SV-P,not_applicable,UNKNOWN,jp,フクオカのピカチュウ,Fukuoka's Pikachu,artwork,Each exact Japanese promo has frozen individual-card evidence showing no official English-language physical printing.,https://bulbapedia.bulbagarden.net/wiki/Fukuoka's_Pikachu_(SV-P_Promo_289) | https://www.tcgplayer.com/product/658431,,,https://pub-edb881114340454d8aae56176adec4f2.r2.dev/pokemon/658431.jpg,f0b227cd-1ff0-425f-bb5d-47e8fdadebee
sv,2023-08-13,WCS23: 2023 World Championships Yokohama Deck: Pikachu,WCS23,001/030,not_applicable,SR仕様,jp,ピカチュウEX,Pikachu ex,both,001/030 uses kantaro's Yokohama 2023 memorial composition made for the Japanese Worlds deck.,https://bulbapedia.bulbagarden.net/wiki/Pikachu_ex_%28ex_Starter_Deck_1%29 | https://www.artofpkm.com/cards/1830,001/030 carries the embossed 2023 Yokohama World Championships mark on the Japanese memorial printing.,https://www.pokemon-card.com/card-search/details.php/card/43993/ | https://samuraiswordtokyo.com/blogs/news/pokemon-worlds-yokohama-2023-guide,https://pub-edb881114340454d8aae56176adec4f2.r2.dev/pokemon/593325.jpg,4ac9b08e-7d63-4576-be6e-a27aaea66429
mega,2025-08-01,M Promo,M-P,023/M-P,unknown,スクランブルバトル,jp,基本草エネルギー,Basic Grass Energy,stamps,,,The exact Japanese printing carries the Japan-only Mega Scramble Battle event or campaign marking.,https://pokumon.com/card/grass-energy-023-m-p-japanese-promo/ | https://bulbapedia.bulbagarden.net/wiki/Grass_Energy_%28M-P_Promo_23%29,https://pub-edb881114340454d8aae56176adec4f2.r2.dev/pokemon/artofpkm/e108bf8d-8835-4520-9229-ea6552c0f18d.jpg,e108bf8d-8835-4520-9229-ea6552c0f18d
mega,2025-08-01,M Promo,M-P,024/M-P,unknown,スクランブルバトル,jp,基本炎エネルギー,Basic Fire Energy,stamps,,,The exact Japanese printing carries the Japan-only Mega Scramble Battle event or campaign marking.,https://pokumon.com/card/fire-energy-024-m-p-japanese-promo/ | https://bulbapedia.bulbagarden.net/wiki/Fire_Energy_%28M-P_Promo_24%29,https://pub-edb881114340454d8aae56176adec4f2.r2.dev/pokemon/artofpkm/e85ec0d0-e5b6-4bb5-93a7-e7fbeb43f847.jpg,e85ec0d0-e5b6-4bb5-93a7-e7fbeb43f847
mega,2025-08-01,M Promo,M-P,025/M-P,unknown,スクランブルバトル,jp,基本水エネルギー,Basic Water Energy,stamps,,,The exact Japanese printing carries the Japan-only Mega Scramble Battle event or campaign marking.,https://pokumon.com/card/water-energy-025-m-p-japanese-promo/ | https://bulbapedia.bulbagarden.net/wiki/Water_Energy_%28M-P_Promo_25%29,https://pub-edb881114340454d8aae56176adec4f2.r2.dev/pokemon/682966.jpg,3b626790-1b89-40cf-9c19-a226c0c03627
mega,2025-08-01,M Promo,M-P,026/M-P,unknown,スクランブルバトル,jp,基本雷エネルギー,Basic Lightning Energy,stamps,,,The exact Japanese printing carries the Japan-only Mega Scramble Battle event or campaign marking.,https://pokumon.com/card/lightning-energy-026-m-p-japanese-promo/ | https://bulbapedia.bulbagarden.net/wiki/Lightning_Energy_%28M-P_Promo_26%29,https://pub-edb881114340454d8aae56176adec4f2.r2.dev/pokemon/682968.jpg,3a0f00ff-10b3-4ba3-a4e6-0fe36e664fee
mega,2025-08-01,M Promo,M-P,027/M-P,unknown,スクランブルバトル,jp,基本超エネルギー,Basic Psychic Energy,stamps,,,The exact Japanese printing carries the Japan-only Mega Scramble Battle event or campaign marking.,https://pokumon.com/card/psychic-energy-027-m-p-japanese-promo/ | https://bulbapedia.bulbagarden.net/wiki/Psychic_Energy_%28M-P_Promo_27%29,https://pub-edb881114340454d8aae56176adec4f2.r2.dev/pokemon/682969.jpg,6d61cd9f-48f8-4629-a9f3-26cf87fb855f
mega,2025-08-01,M Promo,M-P,028/M-P,unknown,スクランブルバトル,jp,基本闘エネルギー,Basic Fighting Energy,stamps,,,The exact Japanese printing carries the Japan-only Mega Scramble Battle event or campaign marking.,https://pokumon.com/card/fighting-energy-028-m-p-japanese-promo/ | https://bulbapedia.bulbagarden.net/wiki/Fighting_Energy_%28M-P_Promo_28%29,https://pub-edb881114340454d8aae56176adec4f2.r2.dev/pokemon/682970.jpg,7fb9d482-c5d5-485d-a517-2e6c98bda4a2
mega,2025-08-01,M Promo,M-P,029/M-P,unknown,スクランブルバトル,jp,基本悪エネルギー,Basic Darkness Energy,stamps,,,The exact Japanese printing carries the Japan-only Mega Scramble Battle event or campaign marking.,https://pokumon.com/card/darkness-energy-029-m-p-japanese-promo/ | https://bulbapedia.bulbagarden.net/wiki/Darkness_Energy_%28M-P_Promo_29%29,https://pub-edb881114340454d8aae56176adec4f2.r2.dev/pokemon/682972.jpg,5b8bfd61-4f87-456c-b3b4-f248e3c3e347
mega,2025-08-01,M Promo,M-P,030/M-P,unknown,スクランブルバトル,jp,基本鋼エネルギー,Basic Metal Energy,stamps,,,The exact Japanese printing carries the Japan-only Mega Scramble Battle event or campaign marking.,https://pokumon.com/card/metal-energy-030-m-p-japanese-promo/ | https://bulbapedia.bulbagarden.net/wiki/Metal_Energy_%28M-P_Promo_30%29,https://pub-edb881114340454d8aae56176adec4f2.r2.dev/pokemon/682977.jpg,4b0bfa85-1d1c-4cd3-ae13-de36703c8ac4
mega,2025-12-19,MP1: Start Deck 100 Battle Collection CoroCiao Version,MP1,019/023,unknown,UNKNOWN,jp,インフルエンサーの紹介,Influencer's Introduction,artwork,019/023 depicts Hikakin in artwork created for the Japan-only CoroCiao Start Deck 100 collection.,https://bulbapedia.bulbagarden.net/wiki/Influencer%27s_Introduction_%28Start_Deck_100_Battle_Collection_CoroCiao_Version_19%29 | https://www.pokemon-card.com/card-search/details.php/card/49605,,,https://pub-edb881114340454d8aae56176adec4f2.r2.dev/pokemon/677316.jpg,f3d071bb-79e7-41de-9bf0-ee6dd611cf4a
